candidate_id,ticker,source_path,source_sha256,sentence_index,char_start,char_end,document_period,heading,concepts,quantities_json,sampling_stratum,sampling_key,text
60f11b666865bacd049a,ACCO,D:\Programming\python_example\Arcana\data-lake\bronze\sec\fillings\ir\ACCO\2026-08-14_0001193125-26-350311_EX-99.1_acco-ex99_1.htm,835e9aaf45d64a4041a8bdba1a3fc778e912c50b8e414ab392bae4b9c4b5f770,3,1499,2221,2026Q3,,REVENUE,"[{""value"":500000000.0,""unit"":""USD"",""raw"":""$500 million""}]",CRITICAL_NUMERIC,33704dac9e77f5a97c76f715955659d97c8f2610a9b72a3ce5a4dd436ead0758,"Trust operates an asset-light model with outsourced manufacturing and scalable sourcing and serves customers in Europe and Latin America. “Building on the strategic pivot to an enhanced focus on faster-growing categories and the recent acquisition of EPOS, Trust adds a well-established brand and an impressive peripherals lineup that complements Kensington, PowerA and EPOS, deepening our presence in some of the largest and fastest-growing categories in technology peripherals,” said Tom Tedford, ACCO Brands President and CEO. “This acquisition continues the shift of our product and brand portfolio toward higher-growth technology peripherals, which will now approach $500 million in annual sales on a pro forma basis."
26e52ad24a51821d21fd,ACCO,D:\Programming\python_example\Arcana\data-lake\bronze\sec\fillings\ir\ACCO\2026-08-14_0001193125-26-350311_EX-99.1_acco-ex99_1.htm,835e9aaf45d64a4041a8bdba1a3fc778e912c50b8e414ab392bae4b9c4b5f770,4,2222,2732,2026Q3,,REVENUE,"[{""value"":100000000.0,""unit"":""USD"",""raw"":""$100 million""}]",CRITICAL_NUMERIC,8dfb6596efc607e87566d157fec12f9c34f788880ad1742fdf1b8f1cadc1b0ab,"We expect to deliver cost synergies as we integrate Trust into our European platform.” 1 “Joining ACCO Brands is an exciting next chapter for Trust,” said Jeroen Hoogland, CEO of Trust. “ACCO Brands’ global scale, supply chain, and channel relationships will help us accelerate innovation and reach even more consumers and business customers across Europe and beyond.” Trust generates approximately $100 million in annual revenue and is expected to be modestly accretive to adjusted EPS in the first 12 months."
3e39121949abffe98ca7,ACCO,D:\Programming\python_example\Arcana\data-lake\bronze\sec\fillings\ir\ACCO\2026-08-14_0001193125-26-350311_EX-99.1_acco-ex99_1.htm,835e9aaf45d64a4041a8bdba1a3fc778e912c50b8e414ab392bae4b9c4b5f770,0,0,1059,2026Q3,,REVENUE,"[{""value"":500000000.0,""unit"":""USD"",""raw"":""$500 million""},{""value"":100000000.0,""unit"":""USD"",""raw"":""$100 million""},{""value"":5000000.0,""unit"":""USD"",""raw"":""$5 ""},{""value"":8000000.0,""unit"":""USD"",""raw"":""$8 million""}]",CRITICAL_NUMERIC,fefda070a4388897d53b9b2a054079d083c547791fbd383b53dd281097f6b0dd,"EX-99.1 News Release ACCO BRANDS TO ACQUIRE TRUST • Trust designs and markets computer and gaming peripherals across Europe and Latin America, extending ACCO Brands’ Kensington, PowerA and EPOS technology peripherals portfolio • Transaction accelerates ACCO Brands’ pivot toward higher-growth technology peripherals categories, which on a pro forma basis will generate approximately $500 million in annual sales • Adds scale in large, growing categories sold through retail, online and B2B channels • Trust generates approximately $100 million in annual revenue and is expected to be modestly accretive to adjusted EPS in the first 12 months • Expect to realize cost synergies of approximately $5 to $8 million LAKE ZURICH, ILLINOIS, Friday, August 14, 2026 - ACCO Brands Corporation (NYSE: ACCO), a global leader in branded office and learning products and technology accessories, today announced it has entered into a definitive agreement to acquire Trust, a European provider of computer and gaming accessories, from Egeria, a pan-European investment firm."
aa8767be155a0f6e171a,ACCO,D:\Programming\python_example\Arcana\data-lake\bronze\sec\fillings\ir\ACCO\2026-08-14_0001193125-26-350311_EX-99.1_acco-ex99_1.htm,835e9aaf45d64a4041a8bdba1a3fc778e912c50b8e414ab392bae4b9c4b5f770,23,6087,10236,2026Q3,,REVENUE|PRODUCTION,[],OTHER,5cb5a46c09cd8f59ccedc873b440e4fd05a58908f07a771749df3ffca6cac23d,"Among the factors that could cause our actual results to differ materially from our forward-looking statements are: the occurrence of any event, change or other circumstances that could give rise to the right of ACCO Brands or Egeria to terminate the transaction, the possibility that the transaction is not completed or, if completed, that the anticipated benefits of the transaction are not realized when expected or at all, including as a result of the impact of, or problems arising from, obtaining regulatory approvals, the integration of Trust, operating costs and business disruption following the transaction, the integration of Trust products and our ability to realize synergies in the integration, as well as changes in trade policy and regulations, including changes in trade agreements and the imposition of tariffs, and the resulting consequences; global political and economic uncertainties; a limited number of large customers account for a significant percentage of our sales; sales of our products are affected by general economic and business conditions globally and in the countries in which we operate; risks associated with foreign currency exchange rate fluctuations; challenges related to the highly competitive business environment in which we operate; our ability to develop and market innovative products that meet consumer demands and to expand into new and adjacent product categories; our ability to successfully expand our business in emerging markets and the exposure to greater financial, operational, regulatory, compliance and other risks in such markets; the continued decline in the use of certain of our products; risks associated with seasonality, the sufficiency of investment returns on pension assets, risks related to actuarial assumptions, changes in government regulations and changes in the unfunded liabilities of a multi-employer pension plan; any impairment of our intangible assets; our ability to secure, protect and maintain our intellectual 3 property rights, and our ability to license rights from major gaming console makers and video game publishers to support our gaming accessories business; our ability to grow profitably through acquisitions, and successfully integrate them; our ability to successfully execute our multi-year restructuring and cost savings program and realize the anticipated benefits; continued disruptions in the global supply chain; risks associated with inflation and other changes in the cost or availability of raw materials, transportation, labor, and other necessary supplies and services and the cost of finished goods; risks associated with outsourcing production of certain of our products, information technology systems and other administrative functions; the failure, inadequacy or interruption of our information technology systems or their supporting infrastructure; risks associated with a cybersecurity incident or information security breach, including that related to a disclosure of personally identifiable information; risks associated with our indebtedness, including limitations imposed by restrictive covenants, our debt service obligations, and our ability to comply with financial ratios and tests; a change in or discontinuance of our stock repurchase program or the payment of dividends; product liability claims, recalls or regulatory actions; the impact of litigation or other legal proceedings; the impact of additional tax liabilities stemming from our global operations and changes in tax laws, regulations and tax rates; our failure to comply with applicable laws, rules and regulations and self-regulatory requirements, the costs of compliance and the impact of changes in such laws; our ability to attract and retain qualified personnel; the volatility of our stock price; risks associated with circumstances outside our control, including those caused by telecommunication failures, labor strikes, power and/or water shortages, public health crises, such as the occurrence of contagious diseases, severe weather events, war, terrorism and other geopolitical incidents; and other risks and uncertainties described in “Part I, Item 1A."
22bf35cc34fd8d11a2e4,EPD,D:\Programming\python_example\Arcana\data-lake\bronze\sec\fillings\ir\EPD\2026-07-30_0001061219-26-000017_EX-99.1_epd-20260730xex991q.htm,fe844e8d0e6b44aeee72e0b6c17d3b27f99a0cf9f867689eb77892d37b0b9b50,100,31255,33216,2026Q3,,CAPEX|REVENUE,"[{""value"":1840.0,""unit"":""USD"",""raw"":""$ 1,840 ""},{""value"":1435.0,""unit"":""USD"",""raw"":""$ 1,435 ""},{""value"":3322.0,""unit"":""USD"",""raw"":""$ 3,322 ""},{""value"":2828.0,""unit"":""USD"",""raw"":""$ 2,828 ""},{""value"":6304.0,""unit"":""USD"",""raw"":""$ 6,304 ""},{""value"":2315.0,""unit"":""USD"",""raw"":""$ 2,315 ""},{""value"":1939.0,""unit"":""USD"",""raw"":""$ 1,939 ""},{""value"":5022.0,""unit"":""USD"",""raw"":""$ 5,022 ""},{""value"":3952.0,""unit"":""USD"",""raw"":""$ 3,952 ""},{""value"":9070.0,""unit"":""USD"",""raw"":""$ 9,070 ""},{""value"":3181.0,""unit"":""USD"",""raw"":""$ 3,181 ""},{""value"":2061.0,""unit"":""USD"",""raw"":""$ 2,061 ""},{""value"":4650.0,""unit"":""USD"",""raw"":""$ 4,650 ""},{""value"":4375.0,""unit"":""USD"",""raw"":""$ 4,375 ""},{""value"":8860.0,""unit"":""USD"",""raw"":""$ 8,860 ""}]",CRITICAL_NUMERIC,0d752bf3b5457347ac01995ec34ef45777cff816d872ee9a9b92dcc74865178b,"Exhibit E Distributable Cash Flow and Operational Distributable Cash Flow – UNAUDITED ($ in millions) For the Three Months Ended June 30, For the Six Months Ended June 30, For the Twelve Months Ended June 30, 2026 2025 2026 2025 2026 Distributable Cash Flow (“DCF”) and Operational DCF Net income attributable to common unitholders (GAAP) $ 1,840 $ 1,435 $ 3,322 $ 2,828 $ 6,304 Adjustments to net income attributable to common unitholders to derive DCF (addition or subtraction indicated by sign): Depreciation, amortization and accretion expenses (1) 722 643 1,423 1,279 2,767 Cash distributions received from unconsolidated affiliates 120 121 206 224 420 Equity in income of unconsolidated affiliates (109) (92) (185) (186) (360) Asset impairment charges 9 11 17 21 46 Change in fair market value of derivative instruments (129) (52) (31) (10) (5) Deferred income tax expense 5 5 19 16 49 Sustaining capital expenditures (2) (140) (117) (345) (219) (746) Other, net (6) (40) (3) (30) (71) Operational DCF (non-GAAP) 2,312 1,914 4,423 3,923 8,404 Proceeds from asset sales and other matters 3 11 599 15 666 Monetization of interest rate derivative instruments accounted for as cash flow hedges – 14 – 14 – DCF (non-GAAP) $ 2,315 $ 1,939 $ 5,022 $ 3,952 $ 9,070 Adjustments to reconcile DCF with net cash flow provided by operating activities (addition or subtraction indicated by sign): Net effect of changes in operating accounts, as applicable 666 (50) (195) 153 (472) Sustaining capital expenditures 140 117 345 219 746 Proceeds from asset sales and other matters (3) (11) (599) (15) (666) Other, net 63 66 77 66 182 Net cash flow provided by operating activities (GAAP) $ 3,181 $ 2,061 $ 4,650 $ 4,375 $ 8,860 (1) Excludes amortization of finance lease right-of-use assets, which are a component of DCF. (2) Sustaining capital expenditures are capital expenditures (as defined by GAAP) resulting from improvements to and major renewals of existing assets."
b42ddac7edbf2fd4cefe,EPD,D:\Programming\python_example\Arcana\data-lake\bronze\sec\fillings\ir\EPD\2026-07-30_0001061219-26-000017_EX-99.1_epd-20260730xex991q.htm,fe844e8d0e6b44aeee72e0b6c17d3b27f99a0cf9f867689eb77892d37b0b9b50,11,4153,4358,2026Q3,,PRODUCTION,"[{""value"":134.0,""unit"":""MBPD"",""raw"":""134 MBPD""}]",CRITICAL_NUMERIC,0f4fba3574489983eb258e474b778c2cf9de031a9b9492241ecf2d2287dde453,We also reported a 14 percent increase in propylene production volumes to a record 134 MBPD during the second quarter of 2026 as we achieved higher utilization rates at our propylene production facilities.
0115bde968245e5e34b2,EPD,D:\Programming\python_example\Arcana\data-lake\bronze\sec\fillings\ir\EPD\2026-07-30_0001061219-26-000017_EX-99.1_epd-20260730xex991q.htm,fe844e8d0e6b44aeee72e0b6c17d3b27f99a0cf9f867689eb77892d37b0b9b50,15,4991,5304,2026Q3,,CAPEX,"[{""value"":1200000000.0,""unit"":""USD"",""raw"":""$1.2 billion""},{""value"":1100000000.0,""unit"":""USD"",""raw"":""$1.1 billion""}]",CRITICAL_NUMERIC,0f96665fb0441821729cb6325d2cc21a3ae092505dcf0f276224cb3ba42299be,"In addition to $1.2 billion of cash distributions to unitholders, we retained $1.1 billion to apply to internally funded growth capital expenditures and buybacks,” stated Teague. “I would like to congratulate our engineering and operations team for enabling Enterprise to respond to the acute global demand for U."
22b18437e106b0ef43bb,EPD,D:\Programming\python_example\Arcana\data-lake\bronze\sec\fillings\ir\EPD\2026-07-30_0001061219-26-000017_EX-99.1_epd-20260730xex991q.htm,fe844e8d0e6b44aeee72e0b6c17d3b27f99a0cf9f867689eb77892d37b0b9b50,96,30446,30632,2026Q3,,CAPEX,[],OTHER,0f004c41da0f2209ee831b2c64e07bc8fc05532303d91720bfa04c81ee9b7b69,"Adjusted FCF is a non-GAAP measure that reflects cash generated from our operations, excluding the net effect of changes in operating accounts, after accounting for capital expenditures."
22a584751069d380b3e5,HAL,D:\Programming\python_example\Arcana\data-lake\bronze\sec\fillings\ir\HAL\2026-07-21_0000045012-26-000057_EX-99.1_livemastererdocument.htm,dcf8f2ab1e3ad65c8614af1110af263e7be40c6c9c34abc2a2ac9647bd5545e6,69,18953,21731,2026Q3,,DEBT|CAPEX|REVENUE,"[{""value"":2048.0,""unit"":""USD"",""raw"":""$ 2,048 ""},{""value"":2206.0,""unit"":""USD"",""raw"":""$ 2,206 ""},{""value"":25828.0,""unit"":""USD"",""raw"":""$ 25,828 ""},{""value"":25010.0,""unit"":""USD"",""raw"":""$ 25,010 ""},{""value"":3456.0,""unit"":""USD"",""raw"":""$ 3,456 ""},{""value"":3133.0,""unit"":""USD"",""raw"":""$ 3,133 ""},{""value"":25828.0,""unit"":""USD"",""raw"":""$ 25,828 ""},{""value"":25010.0,""unit"":""USD"",""raw"":""$ 25,010 ""},{""value"":1002.0,""unit"":""USD"",""raw"":""$ 1,002 ""},{""value"":683.0,""unit"":""USD"",""raw"":""$ 683 ""},{""value"":538.0,""unit"":""USD"",""raw"":""$ 538 ""},{""value"":2048.0,""unit"":""USD"",""raw"":""$ 2,048 ""},{""value"":2038.0,""unit"":""USD"",""raw"":""$ 2,038 ""},{""value"":2048.0,""unit"":""USD"",""raw"":""$ 2,048 ""}]",CRITICAL_NUMERIC,01062a66c4e4082df9fe685ddcce42032d673e2ac852eb801cd5de0652380aed,"HALLIBURTON COMPANY Condensed Consolidated Balance Sheets (Millions of dollars) (Unaudited) June 30, December 31, 2026 2025 Assets Current assets: Cash and equivalents $ 2,048 $ 2,206 Receivables, net 5,325 4,942 Inventories 3,056 2,976 Other current assets 1,453 1,274 Total current assets 11,882 11,398 Property, plant, and equipment, net 5,173 5,261 Goodwill 3,020 2,938 Deferred income taxes 2,331 2,298 Operating lease right-of-use assets 1,019 938 Other assets 2,403 2,177 Total assets $ 25,828 $ 25,010 Liabilities and Shareholders' Equity Current liabilities: Accounts payable $ 3,456 $ 3,133 Accrued employee compensation and benefits 681 767 Current portion of operating lease liabilities 287 263 Current maturities of long-term debt 90 — Other current liabilities 1,373 1,425 Total current liabilities 5,887 5,588 Long-term debt 7,071 7,158 Operating lease liabilities 751 712 Employee compensation and benefits 413 428 Other liabilities 654 619 Total liabilities 14,776 14,505 Company shareholders’ equity 11,010 10,461 Noncontrolling interest in consolidated subsidiaries 42 44 Total shareholders’ equity 11,052 10,505 Total liabilities and shareholders’ equity $ 25,828 $ 25,010 HALLIBURTON COMPANY Condensed Consolidated Statements of Cash Flows (Millions of dollars) (Unaudited) Six Months Ended Three Months Ended June 30, June 30, 2026 2025 2026 Cash flows from operating activities: Net income $ 1,002 $ 683 $ 538 Adjustments to reconcile net income to cash flows from operating activities: Depreciation, depletion, and amortization 591 561 296 Working capital (a) (187) 100 65 Impairments and other charges (credits) (95) 356 (95) Other operating activities (214) (427) 20 Total cash flows provided by operating activities 1,097 1,273 824 Cash flows from investing activities: Capital expenditures (427) (656) (235) Payments to acquire businesses (107) (162) (10) Purchases of equity investments (101) (345) (101) Purchases of investment securities (93) (115) (91) Proceeds from sales of property, plant, and equipment 121 89 79 Sales of investment securities 49 65 22 Sale of an equity investment — 120 — Other investing activities (68) (36) (47) Total cash flows used in investing activities (626) (1,040) (383) Cash flows from financing activities: Stock repurchase program (308) (507) (208) Dividends to shareholders (285) (292) (143) Other financing activities (26) (12) (31) Total cash flows used in financing activities (619) (811) (382) Effect of exchange rate changes on cash (10) (2) (14) Increase (decrease) in cash and equivalents (158) (580) 45 Cash and equivalents at beginning of period 2,206 2,618 2,003 Cash and equivalents at end of period $ 2,048 $ 2,038 $ 2,048 (a) Working capital includes receivables, inventories, and accounts payable."
2a433712005ca69e86cf,HAL,D:\Programming\python_example\Arcana\data-lake\bronze\sec\fillings\ir\HAL\2026-07-21_0000045012-26-000057_EX-99.1_livemastererdocument.htm,dcf8f2ab1e3ad65c8614af1110af263e7be40c6c9c34abc2a2ac9647bd5545e6,22,4501,4605,2026Q3,,REVENUE,"[{""value"":1000000000.0,""unit"":""USD"",""raw"":""$1.0 billion""},{""value"":19.0,""unit"":""PERCENT"",""raw"":""19%""}]",CRITICAL_NUMERIC,06e2f34e2fc227315b624bd6016959e59d1e819a23f3001eb70923f5953d3917,"Europe/Africa revenue in the second quarter of 2026 was $1.0 billion , an increase of 19% sequentially ."
be540ea3e6333811e43d,HAL,D:\Programming\python_example\Arcana\data-lake\bronze\sec\fillings\ir\HAL\2026-07-21_0000045012-26-000057_EX-99.1_livemastererdocument.htm,dcf8f2ab1e3ad65c8614af1110af263e7be40c6c9c34abc2a2ac9647bd5545e6,71,21832,22766,2026Q3,,REVENUE|OPERATING_INCOME|PRODUCTION,"[{""value"":3202.0,""unit"":""USD"",""raw"":""$ 3,202 ""},{""value"":3171.0,""unit"":""USD"",""raw"":""$ 3,171 ""},{""value"":3016.0,""unit"":""USD"",""raw"":""$ 3,016 ""},{""value"":5714.0,""unit"":""USD"",""raw"":""$ 5,714 ""},{""value"":5510.0,""unit"":""USD"",""raw"":""$ 5,510 ""},{""value"":5402000000000.0,""unit"":""USD"",""raw"":""$ 5,402 B""},{""value"":2276.0,""unit"":""USD"",""raw"":""$ 2,276 ""},{""value"":2259.0,""unit"":""USD"",""raw"":""$ 2,259 ""},{""value"":2136.0,""unit"":""USD"",""raw"":""$ 2,136 ""},{""value"":5714.0,""unit"":""USD"",""raw"":""$ 5,714 ""},{""value"":5510.0,""unit"":""USD"",""raw"":""$ 5,510 ""},{""value"":5402.0,""unit"":""USD"",""raw"":""$ 5,402 ""},{""value"":474.0,""unit"":""USD"",""raw"":""$ 474 ""},{""value"":513.0,""unit"":""USD"",""raw"":""$ 513 ""},{""value"":439.0,""unit"":""USD"",""raw"":""$ 439 ""},{""value"":778.0,""unit"":""USD"",""raw"":""$ 778 ""},{""value"":727.0,""unit"":""USD"",""raw"":""$ 727 ""},{""value"":679.0,""unit"":""USD"",""raw"":""$ 679 ""}]",CRITICAL_NUMERIC,119e280ac1a5be92c0af767f9b1e82cbedfc2ceeaab1f0a69998be8a6b93efdf,"HALLIBURTON COMPANY Revenue and Operating Income Comparison By Operating Segment and Geographic Region (Millions of dollars) (Unaudited) Three Months Ended June 30, March 31, Revenue 2026 2025 2026 By operating segment: Completion and Production $ 3,202 $ 3,171 $ 3,016 Drilling and Evaluation 2,512 2,339 2,386 Total revenue $ 5,714 $ 5,510 $ 5,402 By geographic region: North America $ 2,276 $ 2,259 $ 2,136 Latin America 1,123 977 1,090 Europe/Africa/CIS 1,017 820 858 Middle East/Asia 1,298 1,454 1,318 Total revenue $ 5,714 $ 5,510 $ 5,402 Operating Income By operating segment: Completion and Production $ 474 $ 513 $ 439 Drilling and Evaluation 338 312 351 Total operations 812 825 790 Corporate and other (83) (66) (69) SAP S4 upgrade expense (46) (32) (42) Impairments and other credits 95 — — Total operating income $ 778 $ 727 $ 679 See Footnote Table 1 for Reconciliation of Operating Income to Adjusted Operating Income ."
ebcdf89dc0ff3721db80,HAL,D:\Programming\python_example\Arcana\data-lake\bronze\sec\fillings\ir\HAL\2026-07-21_0000045012-26-000057_EX-99.1_livemastererdocument.htm,dcf8f2ab1e3ad65c8614af1110af263e7be40c6c9c34abc2a2ac9647bd5545e6,80,25592,25708,2026Q3,,OPERATING_MARGIN,[],OTHER,02da5a4f82a11d1b1b4f00e27053ae8018c56e0722586f8c7af7d856e368e709,Management believes adjusted operating margin is useful to investors to assess and understand operating performance.
87b20cadd206c93bb1f8,KEX,D:\Programming\python_example\Arcana\data-lake\bronze\sec\fillings\ir\KEX\2026-07-29_0001193125-26-323594_EX-99.1_kex-ex99_1.htm,2a107d408fc2815383495eb70efaf5d83a45842830fea1120b19db9b20ee9a5b,4,94,1303,2026Q3,FOR IMMEDIATE RELEASE,REVENUE,"[{""value"":1.67,""unit"":""USD"",""raw"":""$1.67""},{""value"":11.0,""unit"":""PERCENT"",""raw"":""11%""},{""value"":9.0,""unit"":""PERCENT"",""raw"":""9%""},{""value"":6.0,""unit"":""PERCENT"",""raw"":""6%""},{""value"":59700000.0,""unit"":""USD"",""raw"":""$59.7 million""},{""value"":142.38,""unit"":""USD"",""raw"":""$142.38""},{""value"":29000000.0,""unit"":""USD"",""raw"":""$29.0 million""},{""value"":139.92,""unit"":""USD"",""raw"":""$139.92 ""},{""value"":5.0,""unit"":""PERCENT"",""raw"":""5%""},{""value"":15.0,""unit"":""PERCENT"",""raw"":""15%""},{""value"":89700000.0,""unit"":""USD"",""raw"":""$89.7 million""},{""value"":1.67,""unit"":""USD"",""raw"":""$1.67 ""},{""value"":94300000.0,""unit"":""USD"",""raw"":""$94.3 million""},{""value"":1.67,""unit"":""USD"",""raw"":""$1.67 ""}]",CRITICAL_NUMERIC,02e2533ad79634b0f047ed782c12555f27a8e5c0319c00c9b8e744cd5cd8471b,"KIRBY CORPORATION ANNOUNCES SECOND QUARTER 2026 RESULTS • Second quarter 2026 earnings per share of $1.67, in line with the prior year and up 11% sequentially • Marine transportation revenues increased 9% year-over-year as market fundamentals strengthened, supported by strong customer demand and healthy utilization across the portfolio • Distribution and services revenues grew 6% year-over-year, driven by continued growth in power generation and strong commercial and industrial activity • Returned $59.7 million of capital to shareholders through share repurchases during the second quarter of 2026 at an average share price of $142.38, and an additional $29.0 million during the third quarter of 2026 to date at an average share price of $139.92 • Expects results to trend toward the upper end of the full-year earnings per share growth guidance range of 5% - 15% based on current market conditions HOUSTON, July 29, 2026 – Kirby Corporation (“Kirby” or “the Company”) (NYSE: KEX) today announced net earnings attributable to Kirby for the second quarter ended June 30, 2026, of $89.7 million, or $1.67 per share, compared with earnings of $94.3 million, or $1.67 per share, for the 2025 second quarter."
4e682f0d93d89565b41e,KEX,D:\Programming\python_example\Arcana\data-lake\bronze\sec\fillings\ir\KEX\2026-07-29_0001193125-26-323594_EX-99.1_kex-ex99_1.htm,2a107d408fc2815383495eb70efaf5d83a45842830fea1120b19db9b20ee9a5b,27,4959,5043,2026Q3,FOR IMMEDIATE RELEASE,REVENUE,"[{""value"":80.0,""unit"":""PERCENT"",""raw"":""80%""}]",CRITICAL_NUMERIC,0d6602d890a99609987f8a76efbd1dbc5e4b3f7183b28b2ecada98e6b08c740e,The inland market represented 80% of segment revenues in the second quarter of 2026.
8a61dc0b9bbcce191922,KEX,D:\Programming\python_example\Arcana\data-lake\bronze\sec\fillings\ir\KEX\2026-07-29_0001193125-26-323594_EX-99.1_kex-ex99_1.htm,2a107d408fc2815383495eb70efaf5d83a45842830fea1120b19db9b20ee9a5b,108,24982,25359,2026Q3,FOR IMMEDIATE RELEASE,REVENUE,"[{""value"":431900000.0,""unit"":""USD"",""raw"":""$431.9 million""}]",CRITICAL_NUMERIC,0e47879ccf033d1739fb616d79b96002a9f3ca9d76fcb6ea43d63a5289dab229,"Example: Second quarter 2026 inland marine transportation revenues of $431.9 million divided by 3,857 million inland marine transportation ton miles = 11.2 cents. (6) Towboats operated are the average number of owned and chartered towboats operated during the period. (7) Delay days measures the lost time incurred by a tow (towboat and one or more tank barges) during transit."
9e3288f31df81659b32c,KEX,D:\Programming\python_example\Arcana\data-lake\bronze\sec\fillings\ir\KEX\2026-07-29_0001193125-26-323594_EX-99.1_kex-ex99_1.htm,2a107d408fc2815383495eb70efaf5d83a45842830fea1120b19db9b20ee9a5b,104,23788,24007,2026Q3,FOR IMMEDIATE RELEASE,CAPEX,[],OTHER,09bf68d8f6a8f75ac60a24fdc2ad2f41234d5e982cda60ce92d0b6efac20f971,"Kirby also uses free cash flow, which is defined as net cash provided by operating activities less capital expenditures, to assess and forecast cash flow and to provide additional disclosures on the Company’s liquidity."
26523f78bce70da47e5a,ODFL,D:\Programming\python_example\Arcana\data-lake\bronze\sec\fillings\ir\ODFL\2026-07-29_0000878927-26-000021_EX-99.1_odfl-ex99_1.htm,daf1fb24cdde9d5f9c42b170321d87d5f27605d57a7d009421781803cc86d225,12,2922,3271,2026Q3,,REVENUE,"[{""value"":32.3,""unit"":""PERCENT"",""raw"":""32.3%""},{""value"":1.68,""unit"":""USD"",""raw"":""$1.68 ""},{""value"":272700000.0,""unit"":""USD"",""raw"":""$272.7 million""},{""value"":646300000.0,""unit"":""USD"",""raw"":""$646.3 million""}]",CRITICAL_NUMERIC,0f82b32e00cf45eae1a4c378dac17b1b783536f4e2b8c61ee58d4b64cb6aae82,The combination of revenue growth and operating ratio improvement resulted in a 32.3% increase in our earnings per diluted share to $1.68 for the second quarter.” Cash Flow and Use of Capital Old Dominion’s net cash provided by operating activities was $272.7 million for the second quarter of 2026 and $646.3 million for the first half of the year.
93fe9aca74d0a4a16817,ODFL,D:\Programming\python_example\Arcana\data-lake\bronze\sec\fillings\ir\ODFL\2026-07-29_0000878927-26-000021_EX-99.1_odfl-ex99_1.htm,daf1fb24cdde9d5f9c42b170321d87d5f27605d57a7d009421781803cc86d225,40,14870,15980,2026Q3,,REVENUE,"[{""value"":70.1,""unit"":""PERCENT"",""raw"":""70.1 %""},{""value"":74.6,""unit"":""PERCENT"",""raw"":""74.6 %""},{""value"":72.9,""unit"":""PERCENT"",""raw"":""72.9 %""},{""value"":75.0,""unit"":""PERCENT"",""raw"":""75.0 %""},{""value"":37.84,""unit"":""USD"",""raw"":""$ 37.84 ""},{""value"":32.84,""unit"":""USD"",""raw"":""$ 32.84 ""},{""value"":15.2,""unit"":""PERCENT"",""raw"":""15.2 %""},{""value"":36.22,""unit"":""USD"",""raw"":""$ 36.22 ""},{""value"":32.76,""unit"":""USD"",""raw"":""$ 32.76 ""},{""value"":10.6,""unit"":""PERCENT"",""raw"":""10.6 %""},{""value"":29.71,""unit"":""USD"",""raw"":""$ 29.71 ""},{""value"":28.17,""unit"":""USD"",""raw"":""$ 28.17 ""},{""value"":5.5,""unit"":""PERCENT"",""raw"":""5.5 %""},{""value"":29.43,""unit"":""USD"",""raw"":""$ 29.43 ""},{""value"":28.03,""unit"":""USD"",""raw"":""$ 28.03 ""},{""value"":5.0,""unit"":""PERCENT"",""raw"":""5.0 %""},{""value"":568.55,""unit"":""USD"",""raw"":""$ 568.55 ""},{""value"":485.31,""unit"":""USD"",""raw"":""$ 485.31 ""},{""value"":17.2,""unit"":""PERCENT"",""raw"":""17.2 %""},{""value"":542.19,""unit"":""USD"",""raw"":""$ 542.19 ""},{""value"":485.55,""unit"":""USD"",""raw"":""$ 485.55 ""},{""value"":11.7,""unit"":""PERCENT"",""raw"":""11.7 %""},{""value"":446.44,""unit"":""USD"",""raw"":""$ 446.44 ""},{""value"":416.31,""unit"":""USD"",""raw"":""$ 416.31 ""},{""value"":7.2,""unit"":""PERCENT"",""raw"":""7.2 %""},{""value"":440.44,""unit"":""USD"",""raw"":""$ 440.44 ""},{""value"":415.5,""unit"":""USD"",""raw"":""$ 415.50 ""},{""value"":6.0,""unit"":""PERCENT"",""raw"":""6.0 %""},{""value"":1.7,""unit"":""PERCENT"",""raw"":""1.7 %""},{""value"":1.0,""unit"":""PERCENT"",""raw"":""1.0 %""}]",CRITICAL_NUMERIC,2781200ca07aa73b15bfd23ab35ab1b3923f390f9e9c6f6fdc3442bbab110217,"Work days 64 64 — % 127 127 — % Operating ratio 70.1 % 74.6 % 72.9 % 75.0 % LTL intercity miles (1) 151,977 159,582 (4.8 )% 296,695 316,841 (6.4 )% LTL tons (1) 2,035 2,123 (4.1 )% 3,962 4,211 (5.9 )% LTL tonnage per day 31,804 33,178 (4.1 )% 31,199 33,157 (5.9 )% LTL shipments (1) 2,709 2,874 (5.7 )% 5,295 5,682 (6.8 )% LTL shipments per day 42,332 44,907 (5.7 )% 41,689 44,738 (6.8 )% LTL revenue per hundredweight $ 37.84 $ 32.84 15.2 % $ 36.22 $ 32.76 10.6 % LTL revenue per hundredweight, excluding fuel surcharges $ 29.71 $ 28.17 5.5 % $ 29.43 $ 28.03 5.0 % LTL revenue per shipment $ 568.55 $ 485.31 17.2 % $ 542.19 $ 485.55 11.7 % LTL revenue per shipment, excluding fuel surcharges $ 446.44 $ 416.31 7.2 % $ 440.44 $ 415.50 6.0 % LTL weight per shipment (lbs.) 1,503 1,478 1.7 % 1,497 1,482 1.0 % Average length of haul (miles) 909 912 (0.3 )% 911 914 (0.3 )% Average active full-time employees 20,081 21,621 (7.1 )% 20,173 21,719 (7.1 )% (1) - In thousands Note: Our LTL operating statistics exclude certain transportation and logistics services where pricing is generally not determined by weight."
ab0dde09b4b3aac774e4,ODFL,D:\Programming\python_example\Arcana\data-lake\bronze\sec\fillings\ir\ODFL\2026-07-29_0000878927-26-000021_EX-99.1_odfl-ex99_1.htm,daf1fb24cdde9d5f9c42b170321d87d5f27605d57a7d009421781803cc86d225,15,3472,3572,2026Q3,,CAPEX,"[{""value"":380000000.0,""unit"":""USD"",""raw"":""$380 million""}]",CRITICAL_NUMERIC,3063593a901984f08872ac681fb2bed5d05dbeaa9002d780b7feb30a5e291a84,The Company expects its aggregate capital expenditures for 2026 to total approximately $380 million.
a4f6ba97b5ce4c039188,ODFL,D:\Programming\python_example\Arcana\data-lake\bronze\sec\fillings\ir\ODFL\2026-07-29_0000878927-26-000021_EX-99.1_odfl-ex99_1.htm,daf1fb24cdde9d5f9c42b170321d87d5f27605d57a7d009421781803cc86d225,41,15981,16150,2026Q3,,REVENUE,[],OTHER,4f7056ed69a0ff7f5e410f0d1bb3f42d3c2445b0a6ce56bb635b0eed2449aade,These statistics also exclude adjustments to revenue for undelivered freight required for financial statement purposes in accordance with our revenue recognition policy.
3abf150ff73dd88080fa,PSX,D:\Programming\python_example\Arcana\data-lake\bronze\sec\fillings\ir\PSX\2026-08-05_0001534701-26-000030_EX-99.1_psx-2026630_ex991.htm,5ed7cefada744e8a6f8ea2d0b7feffd6d9bdb8859cd62cb47fa9b00ec6584d1c,37,18472,23653,2026Q3,,ADJUSTED_EBITDA|DEBT|CASH,"[{""value"":3879.0,""unit"":""USD"",""raw"":""$ 3,879 ""},{""value"":5789.0,""unit"":""USD"",""raw"":""$ 5,789 ""},{""value"":5750.0,""unit"":""USD"",""raw"":""$ 5,750 ""},{""value"":5891.0,""unit"":""USD"",""raw"":""$ 5,891 ""},{""value"":785.0,""unit"":""USD"",""raw"":""$ 785 ""},{""value"":1069.0,""unit"":""USD"",""raw"":""$ 1,069 ""},{""value"":1069.0,""unit"":""USD"",""raw"":""$ 1,069 ""},{""value"":1046.0,""unit"":""USD"",""raw"":""$ 1,046 ""},{""value"":404.0,""unit"":""USD"",""raw"":""$ 404 ""},{""value"":404.0,""unit"":""USD"",""raw"":""$ 404 ""},{""value"":404.0,""unit"":""USD"",""raw"":""$ 404 ""},{""value"":528.0,""unit"":""USD"",""raw"":""$ 528 ""},{""value"":3062.0,""unit"":""USD"",""raw"":""$ 3,062 ""},{""value"":3283.0,""unit"":""USD"",""raw"":""$ 3,283 ""},{""value"":3307.0,""unit"":""USD"",""raw"":""$ 3,307 ""},{""value"":583.0,""unit"":""USD"",""raw"":""$ 583 ""},{""value"":609.0,""unit"":""USD"",""raw"":""$ 609 ""},{""value"":540.0,""unit"":""USD"",""raw"":""$ 540 ""},{""value"":580.0,""unit"":""USD"",""raw"":""$ 580 ""},{""value"":544.0,""unit"":""USD"",""raw"":""$ 544 ""},{""value"":568.0,""unit"":""USD"",""raw"":""$ 568 ""},{""value"":568.0,""unit"":""USD"",""raw"":""$ 568 ""},{""value"":20565.0,""unit"":""USD"",""raw"":""$ 20,565 ""},{""value"":39.0,""unit"":""PERCENT"",""raw"":""39%""},{""value"":48.0,""unit"":""PERCENT"",""raw"":""48%""},{""value"":33.0,""unit"":""PERCENT"",""raw"":""33%""},{""value"":43.0,""unit"":""PERCENT"",""raw"":""43%""},{""value"":20565.0,""unit"":""USD"",""raw"":""$ 20,565 ""},{""value"":16466.0,""unit"":""USD"",""raw"":""$ 16,466 ""},{""value"":21974.0,""unit"":""USD"",""raw"":""$ 21,974 ""},{""value"":3062.0,""unit"":""USD"",""raw"":""$ 3,062 ""},{""value"":4499.0,""unit"":""USD"",""raw"":""$ 4,499 ""},{""value"":16.39,""unit"":""USD"",""raw"":""$ 16.39 ""},{""value"":24.08,""unit"":""USD"",""raw"":""$ 24.08 ""}]",CRITICAL_NUMERIC,307ed187c0c2487626d764c0cf8e3b58edc43fc9e113dec8f22e1c24698b608b,"Page 3 Exhibit 99.1 Millions of Dollars Except as Indicated 2026 2Q 1Q Reconciliation of Consolidated Net Income to Adjusted EBITDA Attributable to Phillips 66 Net Income $ 3,879 219 Plus: Income tax expense 1,092 41 Net interest expense 233 255 Depreciation and amortization 585 558 Phillips 66 EBITDA $ 5,789 1,073 Special Item Adjustments (pre-tax): Lower-of-cost-or-market inventory adjustments — (29) Net gain on asset dispositions (110) — Legal accrual 65 20 Total Special Item Adjustments (pre-tax) (45) (9) Change in Fair Value of NOVONIX Investment 6 9 Phillips 66 EBITDA, Adjusted for Special Items and Change in Fair Value of NOVONIX Investment $ 5,750 1,073 Other Adjustments (pre-tax): Proportional share of selected equity affiliates income taxes 14 19 Proportional share of selected equity affiliates net interest 11 11 Proportional share of selected equity affiliates depreciation and amortization 168 161 Adjusted EBITDA attributable to noncontrolling interests (52) (34) Phillips 66 Adjusted EBITDA $ 5,891 1,230 Reconciliation of Segment Income before Income Taxes to Adjusted EBITDA Midstream Income before income taxes $ 785 591 Plus: Depreciation and amortization 284 274 Midstream EBITDA $ 1,069 865 Special Item Adjustments (pre-tax): None — — Midstream EBITDA, Adjusted for Special Items $ 1,069 865 Other Adjustments (pre-tax): Proportional share of selected equity affiliates income taxes 2 3 Proportional share of selected equity affiliates net interest 3 3 Proportional share of selected equity affiliates depreciation and amortization 24 23 Adjusted EBITDA attributable to noncontrolling interests (52) (34) Midstream Adjusted EBITDA $ 1,046 860 Page 4 Exhibit 99.1 Chemicals Income before income taxes $ 404 114 Plus: None — — Chemicals EBITDA $ 404 114 Special Item Adjustments (pre-tax): Lower-of-cost-or-market inventory adjustment — (29) Chemicals EBITDA, Adjusted for Special Items $ 404 85 Other Adjustments (pre-tax): Proportional share of selected equity affiliates income taxes 2 13 Proportional share of selected equity affiliates net interest — (1) Proportional share of selected equity affiliates depreciation and amortization 122 115 Chemicals Adjusted EBITDA $ 528 212 Refining Income before income taxes $ 3,062 208 Plus: Depreciation and amortization 221 215 Refining EBITDA $ 3,283 423 Special Item Adjustments (pre-tax): Legal accrual 24 — Refining EBITDA, Adjusted for Special Items $ 3,307 423 Marketing and Specialties Income (loss) before income taxes $ 583 (161) Plus: Depreciation and amortization 26 20 Marketing and Specialties EBITDA $ 609 (141) Special Item Adjustments (pre-tax): Legal accrual 41 20 Net gain on asset dispositions (110) — Marketing and Specialties EBITDA, Adjusted for Special Items $ 540 (121) Other Adjustments (pre-tax): Proportional share of selected equity affiliates income taxes 10 3 Proportional share of selected equity affiliates net interest 8 9 Proportional share of selected equity affiliates depreciation and amortization 22 23 Marketing and Specialties Adjusted EBITDA $ 580 (86) Renewable Fuels Income (loss) before income taxes $ 544 (41) Plus: Depreciation and amortization 24 23 Renewable Fuels EBITDA $ 568 (18) Special Item Adjustments (pre-tax): None — — Renewable Fuels EBITDA, Adjusted for Special Items $ 568 (18) Corporate and Other Loss before income taxes $ (407) (451) Plus: Net interest expense 233 255 Depreciation and amortization 30 26 Corporate and Other EBITDA $ (144) (170) Page 5 Exhibit 99.1 Special Item Adjustments (pre-tax): None — — Total Special Item Adjustments (pre-tax) — — Change in Fair Value of NOVONIX Investment 6 9 Corporate EBITDA, Adjusted for Special Items and Change in Fair Value of NOVONIX Investment $ (138) (161) Millions of Dollars Except as Indicated June 30, 2026 March 31, 2026 Debt-to-Capital Ratio Total Debt $ 20,565 27,124 Total Equity 32,703 29,681 Debt-to-Capital Ratio 39% 48% Cash and Cash Equivalents 4,099 5,150 Net Debt-to-Capital Ratio 33% 43% Millions of Dollars June 30, 2026 March 31, 2026 Net Debt Total Debt $ 20,565 27,124 Less: Cash and Cash Equivalents 4,099 5,150 Net Debt $ 16,466 $ 21,974 Page 6 Exhibit 99.1 Millions of Dollars Except as Indicated 2026 2Q 1Q Reconciliation of Refining Income Before Income Taxes to Realized Refining Margins Income before income taxes $ 3,062 208 Plus: Taxes other than income taxes 88 106 Depreciation, amortization and impairments 222 217 Selling, general and administrative expenses 25 52 Operating expenses 1,144 1,229 Equity in losses of affiliates 1 — Other segment income, net (63) (11) Proportional share of refining gross margins contributed by equity affiliates 20 26 Special items: None — — Realized refining margins $ 4,499 1,827 Total processed inputs ( thousands of barrels ) 186,860 180,801 Income before income taxes ( dollars per barrel ) 1 $ 16.39 1.15 Realized refining margins ( dollars per barrel ) 2 $ 24.08 10.11 1 Income before income taxes divided by total processed inputs. 2 Realized refining margins per barrel, as presented, are calculated using the underlying realized refining margin amounts, in dollars, divided by total processed inputs, in barrels."
dac0ddced0ace9a7bf53,PSX,D:\Programming\python_example\Arcana\data-lake\bronze\sec\fillings\ir\PSX\2026-08-05_0001534701-26-000030_EX-99.1_psx-2026630_ex991.htm,5ed7cefada744e8a6f8ea2d0b7feffd6d9bdb8859cd62cb47fa9b00ec6584d1c,3,1816,2638,2026Q3,,ADJUSTED_EBITDA|CAPEX|CASH|DEBT,"[{""value"":3847.0,""unit"":""USD"",""raw"":""$ 3,847 ""},{""value"":39.0,""unit"":""PERCENT"",""raw"":""39%""},{""value"":48.0,""unit"":""PERCENT"",""raw"":""48%""},{""value"":33.0,""unit"":""PERCENT"",""raw"":""33%""},{""value"":43.0,""unit"":""PERCENT"",""raw"":""43%""}]",CRITICAL_NUMERIC,46c2cae99cf3c6b3293d0512bf325b22209d075131769d35da8363fbcb3e223b,"Financial Results Summary (in millions of dollars, except as indicated) 2Q 2026 1Q 2026 Earnings $ 3,847 207 Adjusted Earnings 1 3,788 200 Adjusted EBITDA 1 5,891 1,230 Earnings Per Share Earnings Per Share - Diluted 9.55 0.51 Adjusted Earnings Per Share - Diluted 1 9.41 0.49 Cash Flow from (Used in) Operations 7,259 (2,264) Cash Flow from Operations, Excluding Working Capital 1 4,317 699 Capital Expenditures & Investments 726 582 Acquisitions, Net of Cash Acquired 113 66 Proceeds from Asset Dispositions 64 7 Return of Capital to Shareholders 887 778 Repurchases of Common stock 379 269 Dividends paid on Common stock 508 509 Cash and Cash Equivalents 4,099 5,150 Debt 20,565 27,124 Net Debt 1 16,466 21,974 Debt-to-Capital Ratio 39% 48% Net Debt-to-Capital Ratio 1 33% 43% 1 Represents a non-GAAP financial measure."
1825c70536ebe4a31618,PSX,D:\Programming\python_example\Arcana\data-lake\bronze\sec\fillings\ir\PSX\2026-08-05_0001534701-26-000030_EX-99.1_psx-2026630_ex991.htm,5ed7cefada744e8a6f8ea2d0b7feffd6d9bdb8859cd62cb47fa9b00ec6584d1c,12,6028,6180,2026Q3,,CASH,"[{""value"":4099999999.9999995,""unit"":""USD"",""raw"":""$4.1 billion""},{""value"":6400000000.0,""unit"":""USD"",""raw"":""$6.4 billion""}]",CRITICAL_NUMERIC,7209795c96480a2b209a90d545e1220b0d2231dd68494e6e59a46bd3f472a257,"As of June 30, 2026, the company had $4.1 billion of cash and cash equivalents and $6.4 billion of committed capacity available under credit facilities."
fdbf0e5821d337ac3882,PSX,D:\Programming\python_example\Arcana\data-lake\bronze\sec\fillings\ir\PSX\2026-08-05_0001534701-26-000030_EX-99.1_psx-2026630_ex991.htm,5ed7cefada744e8a6f8ea2d0b7feffd6d9bdb8859cd62cb47fa9b00ec6584d1c,18,7085,7865,2026Q3,,ADJUSTED_EBITDA|DEBT,[],OTHER,048036b8b22dd7c6ad3674a7b478f581a372352d98084f373ef3134268629f17,"For more information, visit phillips66.com or follow @Phillips66Co on LinkedIn. - # # # - Investor Relations investorrelations@p66.com Media Relations phillips66media@p66.com Use of Non-GAAP Financial Information —This news release includes the terms “adjusted earnings (loss),” “adjusted pre-tax income (loss),” “adjusted EBITDA,” “adjusted earnings per share,” “adjusted controllable cost,” “cash from (used in) operations, excluding working capital,” “realized refining margin,” “net debt,” and “net debt-to-capital ratio.” These are non-GAAP financial measures that are included to help facilitate comparisons of operating performance across periods, to help facilitate comparisons with other companies in our industry and to help facilitate determination of enterprise value."
f3b6e3f0f1ed518f2934,SLB,D:\Programming\python_example\Arcana\data-lake\bronze\sec\fillings\ir\SLB\2024-04-02_0001193125-24-084191_EX-99.1_d501949dex991.htm,7fd2d687a795796f187b9ebc0cf8c35f254140f51e3a552ee662e2f56012092f,0,0,901,2024Q2,,PRODUCTION,"[{""value"":400000000.0,""unit"":""USD"",""raw"":""$400 million""},{""value"":3000000000.0,""unit"":""USD"",""raw"":""$3 billion""},{""value"":4000000000.0,""unit"":""USD"",""raw"":""$4 billion""}]",CRITICAL_NUMERIC,59bf6300f97d33ce2b9cffe19ed9bb1cb24dbc59391e0987eea3e281b43fccd3,"EX-99.1 Exhibit 99.1 News Release SLB Announces Agreement to Acquire ChampionX in an All-Stock Transaction  Acquisition strengthens SLB as a leader in production space, with world-class production chemicals and artificial lift technologies  Combined portfolios will drive customer value through deep industry expertise and digital integration, as well as enhanced equipment life and production optimization  ChampionX shareholders to receive 0.735 SLB shares for each share of ChampionX  Annual pre-tax synergies to reach approximately $400 million within three years  SLB will increase its total returns to shareholders to a target of $3 billion in 2024; sets target for returns to shareholders of $4 billion in 2025 HOUSTON, April 2, 2024  SLB (NYSE: SLB) and ChampionX Corporation (NASDAQ: CHX) today announced a definitive agreement for SLB to purchase ChampionX in an all-stock transaction."
e35dea2de0178fc84e2c,SLB,D:\Programming\python_example\Arcana\data-lake\bronze\sec\fillings\ir\SLB\2024-04-02_0001193125-24-084191_EX-99.1_d501949dex991.htm,7fd2d687a795796f187b9ebc0cf8c35f254140f51e3a552ee662e2f56012092f,16,4354,4513,2024Q2,,REVENUE,"[{""value"":400000000.0,""unit"":""USD"",""raw"":""$400 million""}]",CRITICAL_NUMERIC,905b8faea079cf64c08d8ce62e961cb9c75d7d789e882a76f3ab5ec99bf3a4b1,SLB expects to realize annual pretax synergies of approximately $400 million within the first three years post-closing through revenue growth and cost savings.
337cad77362d49f17df9,SLB,D:\Programming\python_example\Arcana\data-lake\bronze\sec\fillings\ir\SLB\2024-04-02_0001193125-24-084191_EX-99.1_d501949dex991.htm,7fd2d687a795796f187b9ebc0cf8c35f254140f51e3a552ee662e2f56012092f,8,2149,2411,2024Q2,,PRODUCTION,[],OTHER,06366c1cfc5024bf83956dc21aced0d96556b49ac97c164a8457bd14eb547658,"The combination of ChampionXs strong production-focused leadership throughout North America and beyond with our own international presence, unmatched technology portfolio, and history of innovation will drive tremendous value for our customers and stakeholders."
64f9c6fdbd8dde189ce2,UBER,D:\Programming\python_example\Arcana\data-lake\bronze\sec\fillings\ir\UBER\2026-08-05_0001543151-26-000027_EX-99.1_uberq226earningspressrelea.htm,75095008d178bfa60bb42a2bde20a7f3e0dbc99546454527fb8189248bff1b2d,94,30881,32863,2026Q3,,CAPEX|OPERATING_INCOME|SHARES,"[{""value"":1450.0,""unit"":""USD"",""raw"":""$ 1,450 ""},{""value"":1890.0,""unit"":""USD"",""raw"":""$ 1,890 ""},{""value"":2678.0,""unit"":""USD"",""raw"":""$ 2,678 ""},{""value"":3813.0,""unit"":""USD"",""raw"":""$ 3,813 ""},{""value"":1534.0,""unit"":""USD"",""raw"":""$ 1,534 ""},{""value"":2143.0,""unit"":""USD"",""raw"":""$ 2,143 ""},{""value"":2860.0,""unit"":""USD"",""raw"":""$ 2,860 ""},{""value"":4026.0,""unit"":""USD"",""raw"":""$ 4,026 ""},{""value"":1266.0,""unit"":""USD"",""raw"":""$ 1,266 ""},{""value"":1652.0,""unit"":""USD"",""raw"":""$ 1,652 ""},{""value"":2325.0,""unit"":""USD"",""raw"":""$ 2,325 ""},{""value"":3145.0,""unit"":""USD"",""raw"":""$ 3,145 ""},{""value"":0.63,""unit"":""USD"",""raw"":""$ 0.63 ""},{""value"":1.17,""unit"":""USD"",""raw"":""$ 1.17 ""},{""value"":1.46,""unit"":""USD"",""raw"":""$ 1.46 ""},{""value"":1.29,""unit"":""USD"",""raw"":""$ 1.29 ""},{""value"":0.6,""unit"":""USD"",""raw"":""$ 0.60 ""},{""value"":0.81,""unit"":""USD"",""raw"":""$ 0.81 ""},{""value"":1.09,""unit"":""USD"",""raw"":""$ 1.09 ""},{""value"":1.53,""unit"":""USD"",""raw"":""$ 1.53 ""}]",CRITICAL_NUMERIC,259281748979c88f16ba646144c67b359fa7d7ba9ca9a39bdfdd6681f6837f88,"Free Cash Flow We define free cash flow as net cash flows from operating activities less capital expenditures. 11 Reconciliations of Non-GAAP Measures Non-GAAP Operating Income, Non-GAAP Net Income and Non-GAAP EPS The following tables present reconciliations of GAAP and Non-GAAP Operating Income, GAAP and Non-GAAP Net Income and GAAP and Non-GAAP EPS: Three Months Ended June 30, Six Months Ended June 30, (In millions, except share amounts which are reflected in thousands, and per share amounts) 2025 2026 2025 2026 GAAP Income from operations $ 1,450 $ 1,890 $ 2,678 $ 3,813 Add (deduct): Amortization of acquired intangible assets 65 61 129 120 Legal, non-income tax, and regulatory reserve changes and settlements — 141 28 12 Goodwill and asset impairments/loss on sale of assets — 4 — 4 Acquisition, financing and divestitures related expenses 19 31 22 56 Loss on lease arrangement, net — — 2 5 Restructuring and related charges — 16 1 16 Total adjustments excluded from Non-GAAP Operating Income 84 253 182 213 Non-GAAP Operating Income $ 1,534 $ 2,143 $ 2,860 $ 4,026 GAAP Net income attributable to Uber Technologies, Inc. 1,355 2,394 3,131 2,657 Adjustments excluded from Non-GAAP Operating Income (see above) 84 253 182 213 Other (income) expense, net 19 (1,342) (74) 152 Income tax effects (1) (190) 315 (912) 61 Loss from equity method investments 12 21 25 41 Adjustment to redeemable non-controlling interests — 11 — 21 Non-GAAP Net Income 1,280 1,652 2,352 3,145 Assumed net loss attributable to Freight Holding contingently issuable shares (14) — (27) — Non-GAAP Net Income attributable to common stockholders $ 1,266 $ 1,652 $ 2,325 $ 3,145 Diluted weighted-average shares outstanding 2,125,628 2,050,225 2,124,181 2,060,763 GAAP Diluted EPS (2) $ 0.63 $ 1.17 $ 1.46 $ 1.29 Non-GAAP EPS (2) $ 0.60 $ 0.81 $ 1.09 $ 1.53 (1) Income tax effects include the impact of a stock loss and capitalized research and development expenses through Q2 2025 and the deferred U."
f891896fb80d1540fde6,UBER,D:\Programming\python_example\Arcana\data-lake\bronze\sec\fillings\ir\UBER\2026-08-05_0001543151-26-000027_EX-99.1_uberq226earningspressrelea.htm,75095008d178bfa60bb42a2bde20a7f3e0dbc99546454527fb8189248bff1b2d,96,33367,34705,2026Q3,,ADJUSTED_EBITDA,"[{""value"":1355.0,""unit"":""USD"",""raw"":""$ 1,355 ""},{""value"":2394.0,""unit"":""USD"",""raw"":""$ 2,394 ""},{""value"":3131.0,""unit"":""USD"",""raw"":""$ 3,131 ""},{""value"":2657.0,""unit"":""USD"",""raw"":""$ 2,657 ""},{""value"":2119.0,""unit"":""USD"",""raw"":""$ 2,119 ""},{""value"":2819.0,""unit"":""USD"",""raw"":""$ 2,819 ""},{""value"":3987.0,""unit"":""USD"",""raw"":""$ 3,987 ""},{""value"":5300.0,""unit"":""USD"",""raw"":""$ 5,300 ""},{""value"":2564.0,""unit"":""USD"",""raw"":""$ 2,564 ""},{""value"":2862.0,""unit"":""USD"",""raw"":""$ 2,862 ""},{""value"":4888.0,""unit"":""USD"",""raw"":""$ 4,888 ""},{""value"":5213.0,""unit"":""USD"",""raw"":""$ 5,213 ""},{""value"":2475.0,""unit"":""USD"",""raw"":""$ 2,475 ""},{""value"":2792.0,""unit"":""USD"",""raw"":""$ 2,792 ""},{""value"":4725.0,""unit"":""USD"",""raw"":""$ 4,725 ""},{""value"":5078.0,""unit"":""USD"",""raw"":""$ 5,078 ""}]",CRITICAL_NUMERIC,37dfd613fc561ebaa523a73b346fb8f1232ba9934548255c8ae3a0e19999f763,"$ 1,355 $ 2,394 $ 3,131 $ 2,657 Add (deduct): Net income (loss) attributable to non-controlling interests, net of tax (5) 22 (7) 41 Loss from equity method investments 12 21 25 41 Provision for (benefit from) income taxes 142 840 (260) 1,034 Other (income) expense, net 19 (1,342) (74) 152 Interest expense 108 127 213 235 Interest income (181) (172) (350) (347) Income from operations 1,450 1,890 2,678 3,813 Add (deduct): Depreciation and amortization 175 188 346 372 Stock-based compensation expense 475 549 910 1,022 Legal, non-income tax, and regulatory reserve changes and settlements — 141 28 12 Goodwill and asset impairments/loss on sale of assets, net — 4 — 4 Acquisition, financing and divestitures related expenses 19 31 22 56 Loss on lease arrangement, net — — 2 5 Restructuring and related charges — 16 1 16 Adjusted EBITDA $ 2,119 $ 2,819 $ 3,987 $ 5,300 Free Cash Flow The following tables present reconciliations of free cash flow to the most directly comparable GAAP financial measure for each of the periods indicated: Three Months Ended June 30, Six Months Ended June 30, (In millions) 2025 2026 2025 2026 Free cash flow reconciliation: Net cash provided by operating activities $ 2,564 $ 2,862 $ 4,888 $ 5,213 Purchases of property and equipment (89) (70) (163) (135) Free cash flow $ 2,475 $ 2,792 $ 4,725 $ 5,078 13"
02ddbb1d50dfa704a434,UBER,D:\Programming\python_example\Arcana\data-lake\bronze\sec\fillings\ir\UBER\2026-08-05_0001543151-26-000027_EX-99.1_uberq226earningspressrelea.htm,75095008d178bfa60bb42a2bde20a7f3e0dbc99546454527fb8189248bff1b2d,41,12512,14220,2026Q3,,CASH|DEBT,"[{""value"":7105.0,""unit"":""USD"",""raw"":""$ 7,105 ""},{""value"":4870.0,""unit"":""USD"",""raw"":""$ 4,870 ""},{""value"":61802.0,""unit"":""USD"",""raw"":""$ 61,802 ""},{""value"":65801.0,""unit"":""USD"",""raw"":""$ 65,801 ""},{""value"":1013.0,""unit"":""USD"",""raw"":""$ 1,013 ""},{""value"":1366.0,""unit"":""USD"",""raw"":""$ 1,366 ""},{""value"":61802.0,""unit"":""USD"",""raw"":""$ 61,802 ""},{""value"":65801.0,""unit"":""USD"",""raw"":""$ 65,801 ""}]",CRITICAL_NUMERIC,73a3f1467a8239f81c671e22d6e78f331152b48bd2cc5c102d7c1cbb70c13886,"CONDENSED CONSOLIDATED BALANCE SHEETS (In millions) (Unaudited) As of December 31, 2025 As of June 30, 2026 Assets Cash and cash equivalents $ 7,105 $ 4,870 Short-term investments 528 521 Restricted cash and cash equivalents 631 661 Accounts receivable, net 3,827 4,298 Prepaid expenses and other current assets 1,902 2,179 Total current assets 13,993 12,529 Restricted cash and cash equivalents 1,911 1,646 Restricted investments 8,874 9,486 Investments 9,178 8,759 Equity method investments 287 3,773 Property and equipment, net 1,897 1,809 Operating lease right-of-use assets 1,114 1,558 Intangible assets, net 1,048 1,132 Goodwill 8,931 9,472 Deferred tax assets 10,951 10,162 Other non-current assets 3,618 5,475 Total assets $ 61,802 $ 65,801 Liabilities, redeemable non-controlling interests and equity Accounts payable $ 1,013 $ 1,366 Short-term insurance reserves 3,387 3,758 Operating lease liabilities, current 169 178 Short-term debt — 1,997 Accrued and other current liabilities 7,751 7,572 Total current liabilities 12,320 14,871 Long-term insurance reserves 9,076 9,528 Long-term debt, net of current portion 10,521 10,726 Operating lease liabilities, non-current 1,390 1,830 Other non-current liabilities 412 447 Total liabilities 33,719 37,402 Redeemable non-controlling interests 165 180 Equity Common stock — — Additional paid-in capital 38,101 35,698 Accumulated other comprehensive loss (432) (432) Accumulated deficit (10,628) (7,950) Total Uber Technologies, Inc. stockholders' equity 27,041 27,316 Non-redeemable non-controlling interests 877 903 Total equity 27,918 28,219 Total liabilities, redeemable non-controlling interests and equity $ 61,802 $ 65,801 6 UBER TECHNOLOGIES, INC."
5ade25fcf9d1fa0cbce3,UBER,D:\Programming\python_example\Arcana\data-lake\bronze\sec\fillings\ir\UBER\2026-08-05_0001543151-26-000027_EX-99.1_uberq226earningspressrelea.htm,75095008d178bfa60bb42a2bde20a7f3e0dbc99546454527fb8189248bff1b2d,29,9699,10101,2026Q3,,ADJUSTED_EBITDA|OPERATING_INCOME|REVENUE,[],OTHER,0ee5a73ddedff1c76081dd1da11861a9b5eda98a2623dd05405e88d57e583a5a,"Non-GAAP Financial Measures To supplement our financial information, which is prepared and presented in accordance with generally accepted accounting principles in the United States of America (“GAAP”), we use the following non-GAAP financial measures: Adjusted EBITDA; Non-GAAP Operating Income; Non-GAAP Net Income; Non-GAAP EPS; Free cash flow; as well as, revenue growth rates in constant currency."
