ticker,subindustry,market_enterprise_value_usd,base_forward_enterprise_value_usd,our_base_growth_pct,market_implied_growth_pct,growth_solver_status,growth_solver_residual_pct_of_market_ev,growth_expectations_gap_pct_points,our_base_operating_margin_pct,market_implied_operating_margin_pct,operating_margin_solver_status,operating_margin_solver_residual_pct_of_market_ev,operating_margin_expectations_gap_pct_points,our_base_roic_pct,market_implied_roic_pct,roic_solver_status,roic_solver_residual_pct_of_market_ev,roic_expectations_gap_pct_points,our_competitive_advantage_period_years,market_implied_competitive_advantage_period_years,cap_solver_status,cap_solver_residual_pct_of_market_ev,cap_expectations_gap_years,reverse_dcf_method,production_eligible_x,probability_weighted_fair_value,default_scenario_weight_sum,market_price,probability_weighted_value_gap_pct,scenario_weight_interpretation,production_eligible_y
AR,ep,14580143414.505005,18566094787.835796,17.34910386876914,-9.545353026827797,SOLVED,-3.8565215784759456e-11,26.89445689559694,19.72517788473904,15.490383180876961,SOLVED,-2.0381481069421718e-11,4.234794703862079,8.61795092682996,6.402173199901338,SOLVED,-1.05962770643335e-12,2.215777726928623,5,1,DISCRETE_NEAREST,17.451026801919078,4,BRACKETED_CONTINUOUS_ROOT_OR_EXPLICIT_UNBRACKETED_STATUS,False,75.16570258422018,1.0,37.93999862670898,98.1173044410842,DEFAULT_SCENARIO_WEIGHT_NOT_EMPIRICAL_PROBABILITY,False
BKR,services,62668562722.357666,37526774313.98764,2.6912104418376295,,UNBRACKETED_NO_SOLUTION_IN_DOMAIN,-15.896985189045953,,10.40239770162312,17.371685276564676,SOLVED,2.8670234868309424e-11,-6.969287574941557,9.859350124556926,,UNBRACKETED_NO_SOLUTION_IN_DOMAIN,-26.804800620621467,,5,20,DISCRETE_NEAREST,-39.145184024428126,-15,BRACKETED_CONTINUOUS_ROOT_OR_EXPLICIT_UNBRACKETED_STATUS,False,39.90376197983507,1.0,62.34000015258789,-35.99011568469083,DEFAULT_SCENARIO_WEIGHT_NOT_EMPIRICAL_PROBABILITY,False
CNX,ep,7507230404.191071,13194210568.809784,-10.897467145250591,25.336865789315198,SOLVED,6.85984182091806e-11,-36.234332934565785,37.879881803963315,21.552862060430925,SOLVED,-1.4177006429897326e-11,16.32701974353239,5.201469322402524,1.0711981244113535,SOLVED,4.217532378786659e-12,4.130271197991171,5,1,DISCRETE_NEAREST,69.33663318275094,4,BRACKETED_CONTINUOUS_ROOT_OR_EXPLICIT_UNBRACKETED_STATUS,False,87.20423094712775,1.0,36.36000061035156,139.8356146405042,DEFAULT_SCENARIO_WEIGHT_NOT_EMPIRICAL_PROBABILITY,False
COP,ep,180696306775.3888,242651410406.8445,8.492254863798395,-8.743685924680904,SOLVED,2.3593762042751227e-11,17.235940788479297,32.23259549982627,24.002790483820718,SOLVED,-7.79590591190692e-11,8.22980501600555,16.86619375506222,7.0473056328719395,SOLVED,-5.134218798136273e-12,9.81888812219028,5,1,DISCRETE_NEAREST,25.990698817878215,4,BRACKETED_CONTINUOUS_ROOT_OR_EXPLICIT_UNBRACKETED_STATUS,False,224.82311442459513,1.0,134.8699951171875,66.69616858015608,DEFAULT_SCENARIO_WEIGHT_NOT_EMPIRICAL_PROBABILITY,False
CVX,integrated,413983274956.66345,307520599171.7319,4.312048233278697,31.07498022564687,SOLVED,-3.4986057298187165e-11,-26.762931992368173,13.905561226129684,18.719623309822055,SOLVED,3.532515519867529e-11,-4.81406208369237,12.203955112921747,,UNBRACKETED_NO_SOLUTION_IN_DOMAIN,-12.349653984135736,,5,20,DISCRETE_NEAREST,-20.44505255132643,-15,BRACKETED_CONTINUOUS_ROOT_OR_EXPLICIT_UNBRACKETED_STATUS,False,184.30585002231612,1.0,205.2700042724609,-10.212965271983165,DEFAULT_SCENARIO_WEIGHT_NOT_EMPIRICAL_PROBABILITY,False
DVN,ep,37133739051.81885,72967813294.25754,4.947518563989792,,UNBRACKETED_NO_SOLUTION_IN_DOMAIN,4.82589447360903,,28.234520734473158,14.368709679954918,SOLVED,-7.184838736155883e-11,13.86581105451824,15.248515535030036,4.024184018893175,SOLVED,3.4496266050917154e-11,11.22433151613686,5,1,DISCRETE_NEAREST,91.12861601420751,4,BRACKETED_CONTINUOUS_ROOT_OR_EXPLICIT_UNBRACKETED_STATUS,False,124.13390484186971,1.0,49.09999847412109,152.8185513229627,DEFAULT_SCENARIO_WEIGHT_NOT_EMPIRICAL_PROBABILITY,False
EOG,ep,85600798141.95328,127632258702.26196,4.100601455470199,-16.912105590919964,SOLVED,-4.600767215394779e-11,21.01270704639016,32.77769481204113,21.983445765916258,SOLVED,-5.392220389991944e-11,10.794249046124875,20.580901119557726,5.509061004404613,SOLVED,1.960807414542525e-12,15.071840115153114,5,1,DISCRETE_NEAREST,45.85815740401358,4,BRACKETED_CONTINUOUS_ROOT_OR_EXPLICIT_UNBRACKETED_STATUS,False,261.52746503261505,1.0,153.0500030517578,70.87713807112618,DEFAULT_SCENARIO_WEIGHT_NOT_EMPIRICAL_PROBABILITY,False
EPD,midstream,116987825849.31642,162030532335.6465,5.455190972956087,-18.803516629966907,SOLVED,7.331502461699408e-11,24.258707602922996,15.396162965137034,11.116198939474998,SOLVED,-5.903287696433289e-11,4.279964025662036,10.321728417088226,5.263001050151798,SOLVED,3.9442205024335545e-11,5.058727366936427,5,1,DISCRETE_NEAREST,35.104187952797496,4,BRACKETED_CONTINUOUS_ROOT_OR_EXPLICIT_UNBRACKETED_STATUS,False,69.45458135972166,1.0,38.0099983215332,82.72713608717697,DEFAULT_SCENARIO_WEIGHT_NOT_EMPIRICAL_PROBABILITY,False
EQT,ep,42934809923.52295,21628993237.810226,-12.129574305530257,,UNBRACKETED_NO_SOLUTION_IN_DOMAIN,-49.12216176332078,,18.62872827295765,36.979109416832216,SOLVED,6.421975987561347e-11,-18.350381143874564,6.019614264070633,,UNBRACKETED_NO_SOLUTION_IN_DOMAIN,-47.05187633373582,,5,8,DISCRETE_NEAREST,-49.58627814691718,-3,BRACKETED_CONTINUOUS_ROOT_OR_EXPLICIT_UNBRACKETED_STATUS,False,29.579387384805145,1.0,53.720001220703125,-44.93785049765494,DEFAULT_SCENARIO_WEIGHT_NOT_EMPIRICAL_PROBABILITY,False
ET,midstream,155945909000.0,175025075590.17664,7.112389077441145,-11.948087061522529,SOLVED,7.307189874326873e-11,19.060476138963672,13.05679824242517,11.63350030661968,SOLVED,-7.04496077867615e-12,1.4232979358054898,8.201627340167292,6.610875566075263,SOLVED,-3.8258050895310753e-11,1.5907517740920287,5,1,DISCRETE_NEAREST,10.636532081132163,4,BRACKETED_CONTINUOUS_ROOT_OR_EXPLICIT_UNBRACKETED_STATUS,False,30.215286853545066,1.0,21.19,42.592198459391525,DEFAULT_SCENARIO_WEIGHT_NOT_EMPIRICAL_PROBABILITY,False
FANG,ep,79169338287.24002,166453901320.6653,16.513298132646565,-25.33755776612088,SOLVED,-4.868513746070707e-11,41.85085589876745,46.766288937009925,22.243132302188314,SOLVED,-5.381191757335477e-11,24.52315663482161,15.247841184290348,5.074305767233911,SOLVED,-4.556281273044795e-11,10.173535417056437,5,1,DISCRETE_NEAREST,82.21416283526541,4,BRACKETED_CONTINUOUS_ROOT_OR_EXPLICIT_UNBRACKETED_STATUS,False,549.8987196038124,1.0,210.72000122070312,160.961805437663,DEFAULT_SCENARIO_WEIGHT_NOT_EMPIRICAL_PROBABILITY,False
HAL,services,34634956082.37158,43414304068.858795,3.625756986536174,-11.4340939958347,SOLVED,8.326590990771737e-12,15.059850982370875,13.29453349252246,10.606080035708146,SOLVED,-5.370430908862829e-11,2.6884534568143135,14.216627513592615,6.712858065967884,SOLVED,-7.062182729210102e-11,7.50376944762473,5,1,DISCRETE_NEAREST,23.662365367105885,4,BRACKETED_CONTINUOUS_ROOT_OR_EXPLICIT_UNBRACKETED_STATUS,False,52.122416362677754,1.0,35.34000015258789,47.48844407931028,DEFAULT_SCENARIO_WEIGHT_NOT_EMPIRICAL_PROBABILITY,False
KMI,midstream,102170100933.41559,55991114100.32078,4.913425328077775,,UNBRACKETED_NO_SOLUTION_IN_DOMAIN,-45.165771769439765,,24.817492447049435,45.285859175550286,SOLVED,-1.0006243097026592e-12,-20.46836672850085,6.010553534390651,,UNBRACKETED_NO_SOLUTION_IN_DOMAIN,-15.375434602219428,,5,3,DISCRETE_NEAREST,-45.19495672854086,2,BRACKETED_CONTINUOUS_ROOT_OR_EXPLICIT_UNBRACKETED_STATUS,False,11.678362468281367,1.0,30.979999542236328,-62.303542153511756,DEFAULT_SCENARIO_WEIGHT_NOT_EMPIRICAL_PROBABILITY,False
MGY,ep,5473504046.376756,8472454848.64063,-0.4455998953782483,-21.66016617004061,SOLVED,5.470969470640825e-12,21.214566274662364,41.29734310200564,26.679537231160793,SOLVED,8.821502684667036e-11,14.617805870844848,25.54292009432819,4.356652555865911,SOLVED,-4.059668428851313e-12,21.18626753846228,5,20,DISCRETE_NEAREST,39.984558244184434,-15,BRACKETED_CONTINUOUS_ROOT_OR_EXPLICIT_UNBRACKETED_STATUS,False,51.5572175262981,1.0,28.13999938964844,83.21683953292445,DEFAULT_SCENARIO_WEIGHT_NOT_EMPIRICAL_PROBABILITY,False
MPC,refining,140536383333.56796,130553794122.00912,0.8236938929741809,5.802916863234714,SOLVED,1.5113690754788794e-11,-4.979222970260532,6.058791428111415,6.52206732409104,SOLVED,7.426554939853113e-12,-0.46327589597962504,13.610018212418565,26.001876767061184,SOLVED,-9.98676203753932e-11,-12.391858554642619,5,1,DISCRETE_NEAREST,-6.1472707726943545,4,BRACKETED_CONTINUOUS_ROOT_OR_EXPLICIT_UNBRACKETED_STATUS,False,485.7623338965054,1.0,360.7200012207031,34.664651877536535,DEFAULT_SCENARIO_WEIGHT_NOT_EMPIRICAL_PROBABILITY,False
MTDR,ep,11016201024.896656,29449750085.92203,11.768870097158958,,UNBRACKETED_NO_SOLUTION_IN_DOMAIN,13.651485554123793,,39.59633630670868,14.811711451940937,SOLVED,7.638951167421796e-11,24.784624854767742,22.66710344375829,4.264058300698707,SOLVED,-1.315866474895867e-11,18.403045143059583,5,1,DISCRETE_NEAREST,140.18210817220626,4,BRACKETED_CONTINUOUS_ROOT_OR_EXPLICIT_UNBRACKETED_STATUS,False,223.6377909102694,1.0,58.380001068115234,283.0726050335946,DEFAULT_SCENARIO_WEIGHT_NOT_EMPIRICAL_PROBABILITY,False
NOG,ep,5406816318.962444,9247813996.209562,12.54967667782221,-20.012380973319523,SOLVED,6.714927802939134e-11,32.562057651141735,27.106205283606503,15.847882876172662,SOLVED,6.6320274596929716e-12,11.258322407433841,15.178565310250514,5.639223979238704,SOLVED,-9.242506353401906e-11,9.53934133101181,5,1,DISCRETE_NEAREST,55.22227189407247,4,BRACKETED_CONTINUOUS_ROOT_OR_EXPLICIT_UNBRACKETED_STATUS,False,90.27542382982358,1.0,27.34000015258789,230.19540353323106,DEFAULT_SCENARIO_WEIGHT_NOT_EMPIRICAL_PROBABILITY,False
OVV,ep,25152662918.82,20218592518.77266,-8.361437580773632,11.244244507630356,SOLVED,1.69861177374711e-12,-19.605682088403988,22.898613370054363,28.4867061280529,SOLVED,-4.107000610095691e-11,-5.588092757998538,12.921181646212649,,UNBRACKETED_NO_SOLUTION_IN_DOMAIN,-17.01958052372242,,5,1,DISCRETE_NEAREST,-14.124932783242834,4,BRACKETED_CONTINUOUS_ROOT_OR_EXPLICIT_UNBRACKETED_STATUS,False,59.3540024716761,1.0,66.82,-11.173297707758001,DEFAULT_SCENARIO_WEIGHT_NOT_EMPIRICAL_PROBABILITY,False
PR,ep,23261182945.0,27758366490.689705,15.138106106573883,-0.6408477820223197,SOLVED,-4.755829527874641e-12,15.778953888596202,34.32143729725966,28.760958688799292,SOLVED,4.682032173131759e-11,5.560478608460372,11.228157047153477,8.063701532620328,SOLVED,7.109145173564335e-11,3.1644555145331488,5,2,DISCRETE_NEAREST,9.045353887636558,3,BRACKETED_CONTINUOUS_ROOT_OR_EXPLICIT_UNBRACKETED_STATUS,False,31.116710247235453,1.0,23.75,31.017727356780856,DEFAULT_SCENARIO_WEIGHT_NOT_EMPIRICAL_PROBABILITY,False
PSX,refining,112054086349.70947,93635822163.55981,2.8851435482731187,19.883245364530012,SOLVED,-2.7302772319103222e-11,-16.99810181625689,4.823112967044334,5.771824333845871,SOLVED,-5.3679565327633364e-11,-0.948711366801537,11.387449375081452,,UNBRACKETED_NO_SOLUTION_IN_DOMAIN,-1.1530077635895823,,5,20,DISCRETE_NEAREST,-14.46577275902473,-15,BRACKETED_CONTINUOUS_ROOT_OR_EXPLICIT_UNBRACKETED_STATUS,False,268.8437554441165,1.0,242.8699951171875,10.694511816659924,DEFAULT_SCENARIO_WEIGHT_NOT_EMPIRICAL_PROBABILITY,False
RRC,ep,10493656908.57792,11363438932.027668,-6.943174724937089,-12.959385785507038,SOLVED,-1.286875341738473e-11,6.016211060569949,30.268185113006247,27.951393211260438,SOLVED,1.1760004888485762e-11,2.316791901745809,11.729776689472088,6.131551737958218,SOLVED,5.107513715091962e-12,5.59822495151387,5,10,DISCRETE_NEAREST,-0.1800762501665671,-5,BRACKETED_CONTINUOUS_ROOT_OR_EXPLICIT_UNBRACKETED_STATUS,False,42.06198474846197,1.0,41.060001373291016,2.4402906518720346,DEFAULT_SCENARIO_WEIGHT_NOT_EMPIRICAL_PROBABILITY,False
SLB,services,88565754601.17613,82653753140.46674,8.727281333669472,14.01123689650558,SOLVED,4.0728809353215823e-11,-5.283955562836107,15.63709896593311,16.755578749551205,SOLVED,-5.840552610296178e-12,-1.1184797836180955,14.384734116103347,20.665945135359657,SOLVED,-6.200633877420632e-11,-6.281211019256309,5,9,DISCRETE_NEAREST,-0.10596834841650672,-4,BRACKETED_CONTINUOUS_ROOT_OR_EXPLICIT_UNBRACKETED_STATUS,False,53.41206827987101,1.0,53.869998931884766,-0.8500661984285229,DEFAULT_SCENARIO_WEIGHT_NOT_EMPIRICAL_PROBABILITY,False
SM,ep,10041861860.113743,28356136968.84457,17.33508493804462,,UNBRACKETED_NO_SOLUTION_IN_DOMAIN,13.053576186002017,,36.89338983505117,13.065190250781598,SOLVED,7.217710127517531e-11,23.82819958426957,21.81220528458439,4.904575147860532,SOLVED,9.667932776069535e-12,16.90763013672386,5,2,DISCRETE_NEAREST,140.42840293849392,3,BRACKETED_CONTINUOUS_ROOT_OR_EXPLICIT_UNBRACKETED_STATUS,False,118.29397713062447,1.0,37.20000076293945,217.99455565730793,DEFAULT_SCENARIO_WEIGHT_NOT_EMPIRICAL_PROBABILITY,False
VLO,refining,111383965978.9187,67465388851.156235,-0.1984825340406651,49.88817533641122,SOLVED,-2.885066040089387e-11,-50.08665787045189,4.430792090745537,7.315146386899869,SOLVED,1.3644471870508214e-11,-2.8843542961543323,12.478005151680483,,UNBRACKETED_NO_SOLUTION_IN_DOMAIN,-31.65748656356372,,5,1,DISCRETE_NEAREST,-38.478074058720495,4,BRACKETED_CONTINUOUS_ROOT_OR_EXPLICIT_UNBRACKETED_STATUS,False,291.4873669956377,1.0,348.8599853515625,-16.445743497382704,DEFAULT_SCENARIO_WEIGHT_NOT_EMPIRICAL_PROBABILITY,False
WMB,midstream,117518145087.24384,43895143359.50646,5.852238376502766,,UNBRACKETED_NO_SOLUTION_IN_DOMAIN,-61.84997226953127,,26.336878190587203,,UNBRACKETED_NO_SOLUTION_IN_DOMAIN,-14.906086180274844,,6.835840400226502,,UNBRACKETED_NO_SOLUTION_IN_DOMAIN,-45.30727146048652,,5,20,DISCRETE_NEAREST,-61.13795037483333,-15,BRACKETED_CONTINUOUS_ROOT_OR_EXPLICIT_UNBRACKETED_STATUS,False,15.223740390628983,1.0,70.48999786376953,-78.40297793730862,DEFAULT_SCENARIO_WEIGHT_NOT_EMPIRICAL_PROBABILITY,False
XOM,integrated,715682228447.695,593448049801.68,3.5041267492890857,17.11672080575954,SOLVED,4.2419506188658636e-11,-13.612594056470456,14.29580533887938,17.240352926950436,SOLVED,7.598669082045606e-11,-2.9445475880710568,13.764362164705787,,UNBRACKETED_NO_SOLUTION_IN_DOMAIN,-5.214665076439393,,5,20,DISCRETE_NEAREST,-12.747273398803937,-15,BRACKETED_CONTINUOUS_ROOT_OR_EXPLICIT_UNBRACKETED_STATUS,False,158.5075616716597,1.0,165.11000061035156,-3.9988122550330463,DEFAULT_SCENARIO_WEIGHT_NOT_EMPIRICAL_PROBABILITY,False
