ticker,subindustry,scenario,forecast_year,growth_pct,forecast_normalized_roic_pct,reinvestment_rate_pct,nopat_usd,reinvestment_usd,fcff_usd,fundamental_growth_reconstructed_pct,reinvestment_plausibility_status,fcff_identity_error_usd,growth_reinvestment_roic_gap_pct_points
AR,ep,BEAR,1,8.243207786750778,2.0,412.1603893375389,-76424164.32270946,-314990133.2204398,238565968.89773035,8.243207786750778,OUTSIDE_REFERENCE_RANGE_NOT_CLIPPED,0.0,0.0
AR,ep,BEAR,2,6.432405840063083,2.0,321.6202920031542,-81340076.73182282,-261606192.3004782,180266115.56865537,6.432405840063084,OUTSIDE_REFERENCE_RANGE_NOT_CLIPPED,0.0,-8.881784197001252e-16
AR,ep,BEAR,3,4.621603893375389,2.0,231.08019466876945,-85099292.88493529,-196647611.66025475,111548318.77531946,4.621603893375389,OUTSIDE_REFERENCE_RANGE_NOT_CLIPPED,0.0,0.0
AR,ep,BEAR,4,2.8108019466876946,2.0,140.54009733438474,-87491265.46596251,-122960309.64494865,35469044.17898613,2.810801946687695,WITHIN_REFERENCE_RANGE,0.0,-4.440892098500626e-16
AR,ep,BEAR,5,1.0,2.0,50.0,-88366178.12062213,-44183089.060311064,-44183089.060311064,1.0,WITHIN_REFERENCE_RANGE,0.0,0.0
AR,ep,BASE,1,17.34910386876914,8.61795092682996,201.3135606836283,1028638879.3114349,2070789554.5180197,-1042150675.2065848,17.34910386876914,OUTSIDE_REFERENCE_RANGE_NOT_CLIPPED,0.0,0.0
AR,ep,BASE,2,13.511827901576856,8.61795092682996,156.78701371472147,1167626794.4127047,1830687182.29261,-663060387.8799052,13.511827901576856,OUTSIDE_REFERENCE_RANGE_NOT_CLIPPED,0.0,0.0
AR,ep,BASE,3,9.67455193438457,8.61795092682996,112.26046674581463,1280589455.0379517,1437595699.3232884,-157006244.28533673,9.674551934384573,WITHIN_REFERENCE_RANGE,0.0,-1.7763568394002505e-15
AR,ep,BASE,4,5.837275967192285,8.61795092682996,67.73391977690777,1355340995.5352807,918025582.6194102,437315412.91587055,5.8372759671922845,WITHIN_REFERENCE_RANGE,0.0,8.881784197001252e-16
AR,ep,BASE,5,2.0,8.61795092682996,23.207372808000926,1382447815.4459863,320829818.40661466,1061617997.0393716,2.0,WITHIN_REFERENCE_RANGE,0.0,0.0
AR,ep,BULL,1,20.0,22.642903374365822,88.32789536452349,1879953056.8185112,1660522968.9288151,219430087.88969612,20.0,WITHIN_REFERENCE_RANGE,0.0,0.0
AR,ep,BULL,2,15.625,22.642903374365822,69.00616825353397,2173695721.9464035,1499984127.2062051,673711594.7401984,15.625,WITHIN_REFERENCE_RANGE,0.0,0.0
AR,ep,BULL,3,11.25,22.642903374365822,49.68444114254446,2418236490.6653743,1201487285.8921704,1216749204.7732038,11.25,WITHIN_REFERENCE_RANGE,0.0,0.0
AR,ep,BULL,4,6.875,22.642903374365822,30.362714031554944,2584490249.398618,784721383.5983236,1799768865.8002946,6.874999999999999,WITHIN_REFERENCE_RANGE,0.0,8.881784197001252e-16
AR,ep,BULL,5,2.5,22.642903374365822,11.040986920565436,2649102505.633584,292487061.15937525,2356615444.474209,2.5,WITHIN_REFERENCE_RANGE,0.0,0.0
BKR,services,BEAR,1,1.82533298880485,5.2917161878160766,34.49415887056816,1432980558.7226756,494294590.5101549,938685968.2125206,1.8253329888048504,WITHIN_REFERENCE_RANGE,0.0,-4.440892098500626e-16
BKR,services,BEAR,2,1.6189997416036375,5.2917161878160766,30.59498438958814,1456180510.2656262,445518199.7999933,1010662310.4656329,1.6189997416036375,WITHIN_REFERENCE_RANGE,0.0,0.0
BKR,services,BEAR,3,1.412666494402425,5.2917161878160766,26.695809908608137,1476751484.4321668,394230769.1065601,1082520715.3256068,1.412666494402425,WITHIN_REFERENCE_RANGE,0.0,0.0
BKR,services,BEAR,4,1.2063332472012125,5.2917161878160766,22.796635427628132,1494566028.5674095,340710768.7576929,1153855259.8097167,1.2063332472012125,WITHIN_REFERENCE_RANGE,0.0,0.0
BKR,services,BEAR,5,1.0,5.2917161878160766,18.897460946648124,1509511688.8530836,285259381.88610005,1224252306.9669836,1.0,WITHIN_REFERENCE_RANGE,0.0,0.0
BKR,services,BASE,1,2.6912104418376295,9.859350124556926,27.29602263677162,2193791572.4917583,598817844.2309384,1594973728.26082,2.6912104418376295,WITHIN_REFERENCE_RANGE,0.0,0.0
BKR,services,BASE,2,2.518407831378222,9.859350124556926,25.543345145087827,2249040191.257506,574480098.5046481,1674560092.7528577,2.518407831378222,WITHIN_REFERENCE_RANGE,0.0,0.0
BKR,services,BASE,3,2.3456052209188147,9.859350124556926,23.790667653404032,2301793795.4042053,547612111.9312893,1754181683.4729161,2.3456052209188147,WITHIN_REFERENCE_RANGE,0.0,0.0
BKR,services,BASE,4,2.1728026104594074,9.859350124556926,22.037990161720238,2351807231.0781403,518291046.2076257,1833516184.8705146,2.1728026104594074,WITHIN_REFERENCE_RANGE,0.0,0.0
BKR,services,BASE,5,2.0,9.859350124556926,20.285312670036447,2398843375.6997027,486612879.22514176,1912230496.474561,2.0000000000000004,WITHIN_REFERENCE_RANGE,0.0,-4.440892098500626e-16
BKR,services,BULL,1,5.086157777937681,13.42459521122954,37.88686137577661,2803957920.7751303,1062331650.4791818,1741626270.2959485,5.086157777937681,WITHIN_REFERENCE_RANGE,0.0,0.0
BKR,services,BULL,2,4.439618333453261,13.42459521122954,33.07077989017921,2928442950.6881776,968458922.4315566,1959984028.256621,4.43961833345326,WITHIN_REFERENCE_RANGE,0.0,8.881784197001252e-16
BKR,services,BULL,3,3.7930788889688407,13.42459521122954,28.254698404581823,3039521102.0262275,858807520.3211324,2180713581.7050953,3.793078888968841,WITHIN_REFERENCE_RANGE,0.0,-4.440892098500626e-16
BKR,services,BULL,4,3.1465394444844206,13.42459521122954,23.43861691898443,3135160832.42491,734838337.306118,2400322495.118792,3.1465394444844206,WITHIN_REFERENCE_RANGE,0.0,0.0
BKR,services,BULL,5,2.5,13.42459521122954,18.622535433387032,3213539853.2355328,598442597.8348007,2615097255.400732,2.5,WITHIN_REFERENCE_RANGE,0.0,0.0
CNX,ep,BEAR,1,-15.0,2.0,-750.0,-406636476.15223914,3049773571.1417937,-3456410047.294033,-15.0,OUTSIDE_REFERENCE_RANGE_NOT_CLIPPED,0.0,0.0
CNX,ep,BEAR,2,-11.0,2.0,-550.0,-361906463.77549285,1990485550.7652106,-2352392014.5407033,-11.0,OUTSIDE_REFERENCE_RANGE_NOT_CLIPPED,0.0,0.0
CNX,ep,BEAR,3,-7.0,2.0,-350.0,-336573011.31120825,1178005539.5892289,-1514578550.900437,-7.0,OUTSIDE_REFERENCE_RANGE_NOT_CLIPPED,0.0,0.0
CNX,ep,BEAR,4,-3.0,2.0,-150.0,-326475820.971872,489713731.45780796,-816189552.4296799,-3.0,OUTSIDE_REFERENCE_RANGE_NOT_CLIPPED,0.0,0.0
CNX,ep,BEAR,5,1.0,2.0,50.0,-329740579.18159074,-164870289.59079537,-164870289.59079537,1.0,WITHIN_REFERENCE_RANGE,0.0,0.0
CNX,ep,BASE,1,-10.897467145250591,5.201469322402524,-209.50747701838074,807339268.1076747,-1691436131.5910497,2498775399.6987243,-10.897467145250591,OUTSIDE_REFERENCE_RANGE_NOT_CLIPPED,0.0,0.0
CNX,ep,BASE,2,-7.673100358937944,5.201469322402524,-147.51793932322553,745391315.8286576,-1099585909.0047114,1844977224.833369,-7.673100358937945,OUTSIDE_REFERENCE_RANGE_NOT_CLIPPED,0.0,8.881784197001252e-16
CNX,ep,BASE,3,-4.4487335726252955,5.201469322402524,-85.52840162807026,712230842.1139548,-609159655.1622102,1321390497.276165,-4.4487335726252955,OUTSIDE_REFERENCE_RANGE_NOT_CLIPPED,0.0,0.0
CNX,ep,BASE,4,-1.2243667863126477,5.201469322402524,-23.538863932915035,703510524.2412367,-165598385.05488196,869108909.2961186,-1.2243667863126477,WITHIN_REFERENCE_RANGE,0.0,0.0
CNX,ep,BASE,5,2.0,5.201469322402524,38.45067376224019,717580734.7260615,275914627.2902041,441666107.43585736,2.0,WITHIN_REFERENCE_RANGE,0.0,0.0
CNX,ep,BULL,1,11.71550870529946,23.69274823535768,49.44765625718301,1336105905.6316988,660673055.4486846,675432850.1830143,11.71550870529946,WITHIN_REFERENCE_RANGE,0.0,0.0
CNX,ep,BULL,2,9.411631528974596,23.69274823535768,39.72368015513381,1461855270.3066235,580702711.9075699,881152558.3990536,9.411631528974596,WITHIN_REFERENCE_RANGE,0.0,0.0
CNX,ep,BULL,3,7.10775435264973,23.69274823535768,29.999704053084606,1565760351.9112818,469723471.7539206,1096036880.1573613,7.10775435264973,WITHIN_REFERENCE_RANGE,0.0,0.0
CNX,ep,BULL,4,4.803877176324865,23.69274823535768,20.275727951035407,1640977556.092692,332720145.0109036,1308257411.0817883,4.803877176324865,WITHIN_REFERENCE_RANGE,0.0,0.0
CNX,ep,BULL,5,2.5,23.69274823535768,10.551751848986203,1682001994.995009,177480676.60687068,1504521318.3881383,2.5,WITHIN_REFERENCE_RANGE,0.0,0.0
COP,ep,BEAR,1,5.347665511127381,9.310127488670773,57.439229673651646,6936946345.791749,3984528543.897308,2952417801.894441,5.347665511127381,WITHIN_REFERENCE_RANGE,0.0,0.0
COP,ep,BEAR,2,4.260749133345536,9.310127488670773,45.764670124338465,7232512227.100716,3309935362.4350877,3922576864.665628,4.260749133345536,WITHIN_REFERENCE_RANGE,0.0,0.0
COP,ep,BEAR,3,3.1738327555636907,9.310127488670773,34.09011057502528,7462060069.214586,2543824528.77006,4918235540.444527,3.1738327555636903,WITHIN_REFERENCE_RANGE,0.0,4.440892098500626e-16
COP,ep,BEAR,4,2.0869163777818454,9.310127488670773,22.415551025712098,7617787022.918946,1707568937.1524708,5910218085.766476,2.0869163777818454,WITHIN_REFERENCE_RANGE,0.0,0.0
COP,ep,BEAR,5,1.0,9.310127488670773,10.740991476398914,7693964893.148135,826408113.3701661,6867556779.777969,1.0,WITHIN_REFERENCE_RANGE,0.0,0.0
COP,ep,BASE,1,8.492254863798395,16.86619375506222,50.350748883395994,11557279648.240284,5819176853.437297,5738102794.802987,8.492254863798395,WITHIN_REFERENCE_RANGE,0.0,0.0
COP,ep,BASE,2,6.869191147848797,16.86619375506222,40.727571659652476,12351171278.769335,5030332133.367196,7320839145.402139,6.869191147848796,WITHIN_REFERENCE_RANGE,0.0,8.881784197001252e-16
COP,ep,BASE,3,5.246127431899198,16.86619375506222,31.10439443590896,12999129463.385708,4043300501.5259466,8955828961.85976,5.246127431899198,WITHIN_REFERENCE_RANGE,0.0,0.0
COP,ep,BASE,4,3.623063715949599,16.86619375506222,21.481217212165443,13470096206.362951,2893540624.7764826,10576555581.586468,3.623063715949599,WITHIN_REFERENCE_RANGE,0.0,0.0
COP,ep,BASE,5,2.0,16.86619375506222,11.858039988421929,13739498130.49021,1629235182.5220122,12110262947.968197,2.0000000000000004,WITHIN_REFERENCE_RANGE,0.0,-4.440892098500626e-16
COP,ep,BULL,1,20.0,25.53484618354082,78.32434100539655,16885869921.436054,13225746338.993261,3660123582.442793,20.0,WITHIN_REFERENCE_RANGE,0.0,0.0
COP,ep,BULL,2,15.625,25.53484618354082,61.19089141046605,19524287096.66044,11947085315.985125,7577201780.675314,15.624999999999998,WITHIN_REFERENCE_RANGE,0.0,1.7763568394002505e-15
COP,ep,BULL,3,11.25,25.53484618354082,44.05744181553556,21720769395.03474,9569615338.104086,12151154056.930655,11.25,WITHIN_REFERENCE_RANGE,0.0,0.0
COP,ep,BULL,4,6.875,25.53484618354082,26.923992220605065,23214072290.943375,6250155017.69923,16963917273.244144,6.875,WITHIN_REFERENCE_RANGE,0.0,0.0
COP,ep,BULL,5,2.5,25.53484618354082,9.790542625674568,23794424098.216965,2329603233.8697133,21464820864.34725,2.5,WITHIN_REFERENCE_RANGE,0.0,0.0
CVX,integrated,BEAR,1,2.637493076242121,8.588957626927053,30.707953057928407,14437541215.425049,4433473379.151791,10004067836.273258,2.637493076242121,WITHIN_REFERENCE_RANGE,0.0,0.0
CVX,integrated,BEAR,2,2.228119807181591,8.588957626927053,25.941678885412838,14759226930.915941,3828791256.387586,10930435674.528355,2.228119807181591,WITHIN_REFERENCE_RANGE,0.0,0.0
CVX,integrated,BEAR,3,1.8187465381210606,8.588957626927053,21.17540471289727,15027659859.775406,3182167794.1850524,11845492065.590353,1.8187465381210606,WITHIN_REFERENCE_RANGE,0.0,0.0
CVX,integrated,BEAR,4,1.4093732690605303,8.588957626927053,16.4091305403817,15239455680.804415,2500662176.3068113,12738793504.497604,1.4093732690605305,WITHIN_REFERENCE_RANGE,0.0,-2.220446049250313e-16
CVX,integrated,BEAR,5,1.0,8.588957626927053,11.642856367866129,15391850237.61246,1792051015.5222802,13599799222.09018,1.0,WITHIN_REFERENCE_RANGE,0.0,0.0
CVX,integrated,BASE,1,4.312048233278697,12.203955112921747,35.333202993454385,17916531972.619457,6330484611.272791,11586047361.346666,4.312048233278697,WITHIN_REFERENCE_RANGE,0.0,0.0
CVX,integrated,BASE,2,3.7340361749590225,12.203955112921747,30.596934685587,18585541757.775166,5686606072.588965,12898935685.1862,3.734036174959022,WITHIN_REFERENCE_RANGE,0.0,4.440892098500626e-16
CVX,integrated,BASE,3,3.1560241166393483,12.203955112921747,25.860666377719614,19172105937.858627,4958034354.172592,14214071583.686035,3.156024116639348,WITHIN_REFERENCE_RANGE,0.0,4.440892098500626e-16
CVX,integrated,BASE,4,2.578012058319674,12.203955112921747,21.12439806985223,19666365140.770447,4154401258.207004,15511963882.563442,2.578012058319674,WITHIN_REFERENCE_RANGE,0.0,0.0
CVX,integrated,BASE,5,2.0,12.203955112921747,16.388129761984846,20059692443.585854,3287408427.5099187,16772284016.075935,2.0000000000000004,WITHIN_REFERENCE_RANGE,0.0,-4.440892098500626e-16
CVX,integrated,BULL,1,14.998793866943101,20.67552878091502,72.5437014253684,26442259310.84556,19182193644.581474,7260065666.264084,14.998793866943101,WITHIN_REFERENCE_RANGE,0.0,0.0
CVX,integrated,BULL,2,11.874095400207326,20.67552878091502,57.430673362840224,29582038407.385563,16989163851.815544,12592874555.570019,11.874095400207327,WITHIN_REFERENCE_RANGE,0.0,-1.7763568394002505e-15
CVX,integrated,BULL,3,8.749396933471552,20.67552878091502,42.31764530031206,32170288368.65973,13613708523.93697,18556579844.72276,8.749396933471552,WITHIN_REFERENCE_RANGE,0.0,0.0
CVX,integrated,BULL,4,5.624698466735776,20.67552878091502,27.204617237783886,33979770085.276203,9244066389.978382,24735703695.29782,5.624698466735777,WITHIN_REFERENCE_RANGE,0.0,-8.881784197001252e-16
CVX,integrated,BULL,5,2.5,20.67552878091502,12.091589175255713,34829264337.40811,4211411556.4432373,30617852780.964874,2.5,WITHIN_REFERENCE_RANGE,0.0,0.0
DVN,ep,BEAR,1,0.9015387375393611,8.02760602551068,11.230480602490818,1772359113.526094,199044446.4510262,1573314667.0750678,0.9015387375393611,WITHIN_REFERENCE_RANGE,0.0,0.0
DVN,ep,BEAR,2,0.9261540531545208,8.02760602551068,11.5371139317416,1788773889.292469,206372881.5889175,1582401007.7035515,0.9261540531545208,WITHIN_REFERENCE_RANGE,0.0,0.0
DVN,ep,BEAR,3,0.9507693687696805,8.02760602551068,11.84374726099238,1805781003.5084121,213872138.1425483,1591908865.3658638,0.9507693687696804,WITHIN_REFERENCE_RANGE,0.0,1.1102230246251565e-16
DVN,ep,BEAR,4,0.9753846843848403,8.02760602551068,12.150380590243163,1823394314.8501642,221549348.91515166,1601844965.9350126,0.9753846843848403,WITHIN_REFERENCE_RANGE,0.0,0.0
DVN,ep,BEAR,5,1.0,8.02760602551068,12.457013919493944,1841628257.998666,229411888.44422767,1612216369.5544384,1.0,WITHIN_REFERENCE_RANGE,0.0,0.0
DVN,ep,BASE,1,4.947518563989792,15.248515535030036,32.445903029865306,3586616713.169994,1163710180.8080785,2422906532.3619156,4.947518563989792,WITHIN_REFERENCE_RANGE,0.0,0.0
DVN,ep,BASE,2,4.210638922992344,15.248515535030036,27.61343498204365,3737636192.5132785,1032089739.8849859,2705546452.6282926,4.210638922992344,WITHIN_REFERENCE_RANGE,0.0,0.0
DVN,ep,BASE,3,3.473759281994896,15.248515535030036,22.78096693422199,3867472676.6779084,881047671.6640645,2986425005.013844,3.4737592819948957,WITHIN_REFERENCE_RANGE,0.0,4.440892098500626e-16
DVN,ep,BASE,4,2.736879640997448,15.248515535030036,17.948498886400337,3973320748.9870453,713151430.3850533,3260169318.601992,2.736879640997448,WITHIN_REFERENCE_RANGE,0.0,0.0
DVN,ep,BASE,5,2.0,15.248515535030036,13.116030838578679,4052787163.966787,531564814.247842,3521222349.718945,2.0,WITHIN_REFERENCE_RANGE,0.0,0.0
DVN,ep,BULL,1,11.625108648892741,24.578644886438344,47.29759798640111,5094389833.045705,2409524023.094048,2684865809.951657,11.62510864889274,WITHIN_REFERENCE_RANGE,0.0,1.7763568394002505e-15
DVN,ep,BULL,2,9.343831486669556,24.578644886438344,38.01605633606417,5570401034.319522,2117646795.3516107,3452754238.9679112,9.343831486669556,WITHIN_REFERENCE_RANGE,0.0,0.0
DVN,ep,BULL,3,7.062554324446371,24.578644886438344,28.73451468572723,5963813633.457862,1713672904.3353522,4250140729.12251,7.062554324446371,WITHIN_REFERENCE_RANGE,0.0,0.0
DVN,ep,BULL,4,4.781277162223185,24.578644886438344,19.45297303539029,6248960092.711933,1215608521.8275523,5033351570.88438,4.781277162223185,WITHIN_REFERENCE_RANGE,0.0,0.0
DVN,ep,BULL,5,2.5,24.578644886438344,10.171431385053351,6405184095.029733,651498905.3122996,5753685189.717433,2.5000000000000004,WITHIN_REFERENCE_RANGE,0.0,-4.440892098500626e-16
EOG,ep,BEAR,1,0.5794626401459082,5.574619459989873,10.394658223845129,2401750385.6146502,249653743.97452533,2152096641.640125,0.5794626401459082,WITHIN_REFERENCE_RANGE,0.0,0.0
EOG,ep,BEAR,2,0.6845969801094312,5.574619459989873,12.280604712535387,2418192696.2243342,296968686.21071213,2121224010.013622,0.6845969801094312,WITHIN_REFERENCE_RANGE,0.0,0.0
EOG,ep,BEAR,3,0.7897313200729541,5.574619459989873,14.16655120122565,2437289921.326135,345279924.6269793,2092009996.6991558,0.7897313200729542,WITHIN_REFERENCE_RANGE,0.0,-1.1102230246251565e-16
EOG,ep,BEAR,4,0.894865660036477,5.574619459989873,16.05249768991591,2459100391.867613,394747033.5972616,2064353358.2703512,0.894865660036477,WITHIN_REFERENCE_RANGE,0.0,0.0
EOG,ep,BEAR,5,1.0,5.574619459989873,17.93844417860617,2483691395.7862883,445535594.60196775,2038155801.1843204,1.0,WITHIN_REFERENCE_RANGE,0.0,0.0
EOG,ep,BASE,1,4.100601455470199,20.580901119557726,19.924304731115285,6315576415.765447,1258334690.603556,5057241725.161891,4.100601455470199,WITHIN_REFERENCE_RANGE,0.0,0.0
EOG,ep,BASE,2,3.575451091602649,20.580901119557726,17.372665418449294,6541386761.663932,1136413235.83061,5404973525.833322,3.5754510916026487,WITHIN_REFERENCE_RANGE,0.0,4.440892098500626e-16
EOG,ep,BASE,3,3.0503007277350993,20.580901119557726,14.821026105783305,6740918729.658933,999073324.6923867,5741845404.966546,3.0503007277350993,WITHIN_REFERENCE_RANGE,0.0,0.0
EOG,ep,BASE,4,2.5251503638675494,20.580901119557726,12.269386793117315,6911137063.488933,847954138.1219469,6063182925.366985,2.5251503638675494,WITHIN_REFERENCE_RANGE,0.0,0.0
EOG,ep,BASE,5,2.0,20.580901119557726,9.717747480451328,7049359804.75871,685038984.8148881,6364320819.943822,2.0,WITHIN_REFERENCE_RANGE,0.0,0.0
EOG,ep,BULL,1,15.142233946839804,30.671852674356515,49.36850117143269,8797045160.385288,4342969343.056273,4454075817.329015,15.142233946839806,WITHIN_REFERENCE_RANGE,0.0,-1.7763568394002505e-15
EOG,ep,BULL,2,11.981675460129853,30.671852674356515,39.06407476372382,9851078561.583712,3848232694.33023,6002845867.253481,11.981675460129855,WITHIN_REFERENCE_RANGE,0.0,-1.7763568394002505e-15
EOG,ep,BULL,3,8.821116973419901,30.671852674356515,28.75964835601495,10720053724.644503,3083049754.7836423,7637003969.860861,8.821116973419901,WITHIN_REFERENCE_RANGE,0.0,0.0
EOG,ep,BULL,4,5.6605584867099505,30.671852674356515,18.455221948306086,11326868635.53473,2090398746.4810038,9236469889.053726,5.6605584867099505,WITHIN_REFERENCE_RANGE,0.0,0.0
EOG,ep,BULL,5,2.5,30.671852674356515,8.15079554059722,11610040351.423098,946310651.2253318,10663729700.197765,2.5000000000000004,WITHIN_REFERENCE_RANGE,0.0,-4.440892098500626e-16
EPD,midstream,BEAR,1,2.279658076111238,8.45549599257866,26.960666507465454,6440881775.495163,1736504655.6313705,4704377119.863792,2.2796580761112386,WITHIN_REFERENCE_RANGE,0.0,-4.440892098500626e-16
EPD,midstream,BEAR,2,1.9597435570834287,8.45549599257866,23.177156713260633,6567106541.109791,1522068574.559806,5045037966.549985,1.9597435570834287,WITHIN_REFERENCE_RANGE,0.0,0.0
EPD,midstream,BEAR,3,1.639829038055619,8.45549599257866,19.39364691905581,6674795861.1309595,1294486341.8754892,5380309519.25547,1.639829038055619,WITHIN_REFERENCE_RANGE,0.0,0.0
EPD,midstream,BEAR,4,1.3199145190278094,8.45549599257866,15.610137124850992,6762897460.817495,1055697567.2466769,5707199893.570818,1.3199145190278094,WITHIN_REFERENCE_RANGE,0.0,0.0
EPD,midstream,BEAR,5,1.0,8.45549599257866,11.826627330646176,6830526435.42567,807820906.2390643,6022705529.186605,1.0,WITHIN_REFERENCE_RANGE,0.0,0.0
EPD,midstream,BASE,1,5.455190972956087,10.321728417088226,52.85152595106746,8250785675.580182,4360666132.496217,3890119543.0839653,5.455190972956088,WITHIN_REFERENCE_RANGE,0.0,-8.881784197001252e-16
EPD,midstream,BASE,2,4.591393229717065,10.321728417088226,44.48279439435497,8629611690.487234,3838692425.3106565,4790919265.176578,4.591393229717065,WITHIN_REFERENCE_RANGE,0.0,0.0
EPD,midstream,BASE,3,3.7275954864780436,10.321728417088226,36.11406283764249,8951288706.362421,3232674028.1945205,5718614678.1679,3.7275954864780436,WITHIN_REFERENCE_RANGE,0.0,0.0
EPD,midstream,BASE,4,2.863797743239022,10.321728417088226,27.745331280930014,9207635510.326036,2554688975.4805098,6652946534.845527,2.8637977432390214,WITHIN_REFERENCE_RANGE,0.0,4.440892098500626e-16
EPD,midstream,BASE,5,2.0,10.321728417088226,19.376599724217535,9391788220.532557,1819809210.4388063,7571979010.09375,2.0,WITHIN_REFERENCE_RANGE,0.0,0.0
EPD,midstream,BULL,1,12.0,11.138671248283323,107.73277828672269,11293549416.6096,12166854553.697485,-873305137.0878849,12.0,WITHIN_REFERENCE_RANGE,0.0,0.0
EPD,midstream,BULL,2,9.625,11.138671248283323,86.4106659174755,12380553547.958273,10698118765.060383,1682434782.89789,9.625,WITHIN_REFERENCE_RANGE,0.0,0.0
EPD,midstream,BULL,3,7.25,11.138671248283323,65.0885535482283,13278143680.185247,8642551659.488068,4635592020.69718,7.250000000000001,WITHIN_REFERENCE_RANGE,0.0,-8.881784197001252e-16
EPD,midstream,BULL,4,4.875,11.138671248283323,43.7664411789811,13925453184.594278,6094675276.942005,7830777907.652273,4.875,WITHIN_REFERENCE_RANGE,0.0,0.0
EPD,midstream,BULL,5,2.5,11.138671248283323,22.444328809733896,14273589514.209137,3203611363.5207977,11069978150.68834,2.5000000000000004,WITHIN_REFERENCE_RANGE,0.0,-4.440892098500626e-16
EQT,ep,BEAR,1,-15.0,2.0,-750.0,-1366925376.7737544,10251940325.803158,-11618865702.576912,-15.0,OUTSIDE_REFERENCE_RANGE_NOT_CLIPPED,0.0,0.0
EQT,ep,BEAR,2,-11.0,2.0,-550.0,-1216563585.3286412,6691099719.307527,-7907663304.636168,-11.0,OUTSIDE_REFERENCE_RANGE_NOT_CLIPPED,0.0,0.0
EQT,ep,BEAR,3,-7.0,2.0,-350.0,-1131404134.3556361,3959914470.244726,-5091318604.600363,-7.0,OUTSIDE_REFERENCE_RANGE_NOT_CLIPPED,0.0,0.0
EQT,ep,BEAR,4,-3.0,2.0,-150.0,-1097462010.3249671,1646193015.4874506,-2743655025.812418,-3.0,OUTSIDE_REFERENCE_RANGE_NOT_CLIPPED,0.0,0.0
EQT,ep,BEAR,5,1.0,2.0,50.0,-1108436630.428217,-554218315.2141085,-554218315.2141085,1.0,WITHIN_REFERENCE_RANGE,0.0,0.0
EQT,ep,BASE,1,-12.129574305530257,6.019614264070633,-201.50085659023435,1316199808.0634193,-2652153887.6868105,3968353695.75023,-12.129574305530257,OUTSIDE_REFERENCE_RANGE_NOT_CLIPPED,0.0,0.0
EQT,ep,BASE,2,-8.597180729147693,6.019614264070633,-142.81946237754505,1203043731.807512,-1718180589.9342437,2921224321.7417555,-8.597180729147693,OUTSIDE_REFERENCE_RANGE_NOT_CLIPPED,0.0,0.0
EQT,ep,BASE,3,-5.0647871527651285,6.019614264070633,-84.13806816485575,1142112127.436779,-960951080.3018413,2103063207.7386203,-5.064787152765129,OUTSIDE_REFERENCE_RANGE_NOT_CLIPPED,0.0,8.881784197001252e-16
EQT,ep,BASE,4,-1.5323935763825642,6.019614264070633,-25.456673952166437,1124610474.5608516,-286288421.7408677,1410898896.3017192,-1.5323935763825642,WITHIN_REFERENCE_RANGE,0.0,0.0
EQT,ep,BASE,5,2.0,6.019614264070633,33.224720260522865,1147102684.0520687,381121657.8772493,765981026.1748195,2.0,WITHIN_REFERENCE_RANGE,0.0,0.0
EQT,ep,BULL,1,8.886483970333927,18.050817701427675,49.230367938573096,3640802830.1669397,1792380629.209167,1848422200.9577727,8.886483970333927,WITHIN_REFERENCE_RANGE,0.0,0.0
EQT,ep,BULL,2,7.289862977750445,18.050817701427675,40.385222976208304,3906212367.7761693,1577532574.6506321,2328679793.125537,7.2898629777504445,WITHIN_REFERENCE_RANGE,0.0,8.881784197001252e-16
EQT,ep,BULL,3,5.693241985166964,18.050817701427675,31.540078013843516,4128602490.3281875,1302164446.3309965,2826438043.997191,5.693241985166964,WITHIN_REFERENCE_RANGE,0.0,0.0
EQT,ep,BULL,4,4.096620992583482,18.050817701427675,22.694933051478724,4297735686.647296,975368236.8141133,3322367449.833183,4.096620992583482,WITHIN_REFERENCE_RANGE,0.0,0.0
EQT,ep,BULL,5,2.5,18.050817701427675,13.849788089113934,4405179078.8134775,610107967.361648,3795071111.4518294,2.4999999999999996,WITHIN_REFERENCE_RANGE,0.0,4.440892098500626e-16
ET,midstream,BEAR,1,4.924739605410002,7.075914902097157,69.59862680019525,8927952733.432936,6213732503.83982,2714220229.593116,4.924739605410001,WITHIN_REFERENCE_RANGE,0.0,8.881784197001252e-16
ET,midstream,BEAR,2,3.9435547040575014,7.075914902097157,55.73208212112206,9280031433.428259,5171954739.344178,4108076694.0840807,3.943554704057501,WITHIN_REFERENCE_RANGE,0.0,4.440892098500626e-16
ET,midstream,BEAR,3,2.962369802705001,7.075914902097157,41.865537442048876,9554940282.293673,4000227101.4490676,5554713180.8446045,2.962369802705001,WITHIN_REFERENCE_RANGE,0.0,0.0
ET,midstream,BEAR,4,1.9811849013525005,7.075914902097157,27.99899276297568,9744241316.499723,2728289421.0136433,7015951895.48608,1.9811849013525005,WITHIN_REFERENCE_RANGE,0.0,0.0
ET,midstream,BEAR,5,1.0,7.075914902097157,14.132448083902485,9841683729.664719,1390870843.6767442,8450812885.987974,1.0,WITHIN_REFERENCE_RANGE,0.0,0.0
ET,midstream,BASE,1,7.112389077441145,8.201627340167292,86.71924219975679,12081354692.894415,10476859237.142792,1604495455.7516232,7.112389077441145,WITHIN_REFERENCE_RANGE,0.0,0.0
ET,midstream,BASE,2,5.8342918080808595,8.201627340167292,71.13578276725086,12786216180.047148,9095574965.98942,3690641214.057728,5.8342918080808595,WITHIN_REFERENCE_RANGE,0.0,0.0
ET,midstream,BASE,3,4.556194538720573,8.201627340167292,55.55232333474491,13368781063.351465,7426668482.227155,5942112581.1243105,4.556194538720573,WITHIN_REFERENCE_RANGE,0.0,0.0
ET,midstream,BASE,4,3.2780972693602863,8.201627340167292,39.968863902238965,13807022710.335941,5518510116.045398,8288512594.290544,3.2780972693602863,WITHIN_REFERENCE_RANGE,0.0,0.0
ET,midstream,BASE,5,2.0,8.201627340167292,24.385404469733018,14083163164.542662,3434236299.8061805,10648926864.73648,2.0,WITHIN_REFERENCE_RANGE,0.0,0.0
ET,midstream,BULL,1,12.0,8.89559300808673,134.89825792492016,15559250701.947397,20989158143.09795,-5429907441.150553,12.0,WITHIN_REFERENCE_RANGE,0.0,0.0
ET,midstream,BULL,2,9.625,8.89559300808673,108.19964437727971,17056828582.009832,18455427867.77684,-1398599285.7670078,9.625,WITHIN_REFERENCE_RANGE,0.0,0.0
ET,midstream,BULL,3,7.25,8.89559300808673,81.50103082963926,18293448654.205547,14909349227.468292,3384099426.737255,7.25,WITHIN_REFERENCE_RANGE,0.0,0.0
ET,midstream,BULL,4,4.875,8.89559300808673,54.802417281998814,19185254276.09807,10513983104.999784,8671271171.098284,4.875,WITHIN_REFERENCE_RANGE,0.0,0.0
ET,midstream,BULL,5,2.5,8.89559300808673,28.10380373435837,19664885633.000515,5526580862.8845005,14138304770.116014,2.5000000000000004,WITHIN_REFERENCE_RANGE,0.0,-4.440892098500626e-16
FANG,ep,BEAR,1,10.301626126364706,6.178273506721853,166.73956106275836,3564075223.2079825,5942723383.123515,-2378648159.9155326,10.301626126364706,OUTSIDE_REFERENCE_RANGE_NOT_CLIPPED,0.0,0.0
FANG,ep,BEAR,2,7.9762195947735295,6.178273506721853,129.10110868506456,3848353689.533966,4968267279.310938,-1119913589.7769718,7.976219594773529,WITHIN_REFERENCE_RANGE,0.0,8.881784197001252e-16
FANG,ep,BEAR,3,5.650813063182353,6.178273506721853,91.46265630737078,4065816962.539612,3718704194.5343876,347112768.0052242,5.650813063182353,WITHIN_REFERENCE_RANGE,0.0,0.0
FANG,ep,BEAR,4,3.3254065315911765,6.178273506721853,53.824203929677,4201021905.374446,2261166597.479144,1939855307.8953018,3.3254065315911765,WITHIN_REFERENCE_RANGE,0.0,0.0
FANG,ep,BEAR,5,1.0,6.178273506721853,16.185751551983213,4243032124.42819,686766637.9307821,3556265486.497408,1.0,WITHIN_REFERENCE_RANGE,0.0,0.0
FANG,ep,BASE,1,16.513298132646565,15.247841184290348,108.29925320615223,6784468158.878472,7347528350.074572,-563060191.1960993,16.513298132646565,WITHIN_REFERENCE_RANGE,0.0,0.0
FANG,ep,BASE,2,12.884973599484923,15.247841184290348,84.50359263159261,7658645090.015425,6471830247.9661045,1186814842.0493202,12.884973599484923,WITHIN_REFERENCE_RANGE,0.0,0.0
FANG,ep,BASE,3,9.256649066323282,15.247841184290348,60.70793205703301,8367578989.233353,5079784167.602353,3287794821.6309996,9.256649066323282,WITHIN_REFERENCE_RANGE,0.0,0.0
FANG,ep,BASE,4,5.628324533161641,15.247841184290348,36.91227148247341,8838533490.31605,3262503477.014793,5576030013.301256,5.628324533161641,WITHIN_REFERENCE_RANGE,0.0,0.0
FANG,ep,BASE,5,2.0,15.247841184290348,13.116610907913797,9015304160.122372,1182502368.8482175,7832801791.274155,2.0,WITHIN_REFERENCE_RANGE,0.0,0.0
FANG,ep,BULL,1,20.0,22.954078410784263,87.13048566830554,7470654545.454545,6509217588.055889,961436957.3986559,19.999999999999996,WITHIN_REFERENCE_RANGE,0.0,3.552713678800501e-15
FANG,ep,BULL,2,15.625,22.954078410784263,68.07069192836371,8637944318.181818,5879908465.773143,2758035852.408675,15.625,WITHIN_REFERENCE_RANGE,0.0,0.0
FANG,ep,BULL,3,11.25,22.954078410784263,49.01089818842187,9609713053.977272,4709806681.084287,4899906372.892985,11.25,WITHIN_REFERENCE_RANGE,0.0,0.0
FANG,ep,BULL,4,6.875,22.954078410784263,29.95110444848003,10270380826.438211,3076092488.583175,7194288337.855036,6.875,WITHIN_REFERENCE_RANGE,0.0,0.0
FANG,ep,BULL,5,2.5,22.954078410784263,10.891310708538192,10527140347.099165,1146543563.926456,9380596783.172709,2.4999999999999996,WITHIN_REFERENCE_RANGE,0.0,4.440892098500626e-16
HAL,services,BEAR,1,2.018694150644519,10.576478706548373,19.08663749679423,1942796971.0173194,370814615.1567742,1571982355.8605452,2.018694150644519,WITHIN_REFERENCE_RANGE,0.0,0.0
HAL,services,BEAR,2,1.7640206129833893,10.576478706548373,16.678713794329344,1977068310.054482,329749564.95237094,1647318745.102111,1.7640206129833893,WITHIN_REFERENCE_RANGE,0.0,0.0
HAL,services,BEAR,3,1.5093470753222595,10.576478706548373,14.270790091864457,2006909132.769413,286401789.6719803,1720507343.0974326,1.5093470753222593,WITHIN_REFERENCE_RANGE,0.0,2.220446049250313e-16
HAL,services,BEAR,4,1.2546735376611298,10.576478706548373,11.862866389399574,2032089290.583175,241064037.4551797,1791025253.1279953,1.2546735376611298,WITHIN_REFERENCE_RANGE,0.0,0.0
HAL,services,BEAR,5,1.0,10.576478706548373,9.45494268693469,2052410183.4890072,194054206.5496967,1858355976.9393106,1.0000000000000002,WITHIN_REFERENCE_RANGE,0.0,-2.220446049250313e-16
HAL,services,BASE,1,3.625756986536174,14.216627513592615,25.503636379792344,2490534924.0980186,635176970.9536959,1855357953.1443229,3.625756986536174,WITHIN_REFERENCE_RANGE,0.0,0.0
HAL,services,BASE,2,3.2193177399021304,14.216627513592615,22.644735798445296,2570713156.7279644,582131202.4769205,1988581954.2510438,3.21931773990213,WITHIN_REFERENCE_RANGE,0.0,4.440892098500626e-16
HAL,services,BASE,3,2.8128784932680873,14.216627513592615,19.785835217098253,2643024194.2371783,522944411.81980693,2120079782.4173713,2.8128784932680873,WITHIN_REFERENCE_RANGE,0.0,0.0
HAL,services,BASE,4,2.4064392466340436,14.216627513592615,16.926934635751206,2706626965.7453346,458148977.325329,2248477988.420006,2.4064392466340436,WITHIN_REFERENCE_RANGE,0.0,0.0
HAL,services,BASE,5,2.0,14.216627513592615,14.068034054404158,2760759505.060241,388384587.3320744,2372374917.7281666,2.0000000000000004,WITHIN_REFERENCE_RANGE,0.0,-4.440892098500626e-16
HAL,services,BULL,1,7.808407795378681,20.326622590601414,38.41468379990052,3367843298.1531186,1293746353.8616614,2074096944.2914572,7.808407795378681,WITHIN_REFERENCE_RANGE,0.0,0.0
HAL,services,BULL,2,6.481305846534011,20.326622590601414,31.885798133187286,3586123522.738421,1143464107.2671177,2442659415.471303,6.481305846534011,WITHIN_REFERENCE_RANGE,0.0,0.0
HAL,services,BULL,3,5.1542038976893405,20.326622590601414,25.356912466474054,3770959641.123359,956198935.3457142,2814760705.777645,5.154203897689341,WITHIN_REFERENCE_RANGE,0.0,-8.881784197001252e-16
HAL,services,BULL,4,3.8271019488446703,20.326622590601414,18.828026799760817,3915278111.038937,737169612.0315801,3178108499.007357,3.8271019488446707,WITHIN_REFERENCE_RANGE,0.0,-4.440892098500626e-16
HAL,services,BULL,5,2.5,20.326622590601414,12.299141133047579,4013160063.81491,493584220.1436981,3519575843.6712117,2.4999999999999996,WITHIN_REFERENCE_RANGE,0.0,4.440892098500626e-16
KMI,midstream,BEAR,1,1.9725201837373167,4.795536319316616,41.13242090966812,2551772446.3072743,1049605783.2720431,1502166663.035231,1.972520183737317,WITHIN_REFERENCE_RANGE,0.0,-2.220446049250313e-16
KMI,midstream,BEAR,2,1.7293901378029877,4.795536319316616,36.06249692733915,2595902547.332886,936147276.3686408,1659755270.9642453,1.7293901378029874,WITHIN_REFERENCE_RANGE,0.0,2.220446049250313e-16
KMI,midstream,BEAR,3,1.4862600918686584,4.795536319316616,30.992572945010178,2634484410.9176965,816494502.7785888,1817989908.1391077,1.4862600918686584,WITHIN_REFERENCE_RANGE,0.0,0.0
KMI,midstream,BEAR,4,1.243130045934329,4.795536319316616,25.9226489626812,2667234478.1852703,691417830.7915692,1975816647.393701,1.243130045934329,WITHIN_REFERENCE_RANGE,0.0,0.0
KMI,midstream,BEAR,5,1.0,4.795536319316616,20.85272498035223,2693906822.967123,561752981.0202785,2132153841.9468446,1.0,WITHIN_REFERENCE_RANGE,0.0,0.0
KMI,midstream,BASE,1,4.913425328077775,6.010553534390651,81.74663614531632,3546013820.507942,2898747015.5132575,647266804.9946847,4.913425328077775,WITHIN_REFERENCE_RANGE,0.0,0.0
KMI,midstream,BASE,2,4.185068996058331,6.010553534390651,69.62867849213181,3694416945.5059633,2572373697.1451836,1122043248.3607798,4.185068996058331,WITHIN_REFERENCE_RANGE,0.0,0.0
KMI,midstream,BASE,3,3.4567126640388874,6.010553534390651,57.51072083894731,3822122323.9236665,2198130099.834825,1623992224.0888414,3.456712664038888,WITHIN_REFERENCE_RANGE,0.0,-4.440892098500626e-16
KMI,midstream,BASE,4,2.7283563320194437,6.010553534390651,45.39276318576279,3926403440.3659663,1782303015.402966,2144100424.9630003,2.7283563320194433,WITHIN_REFERENCE_RANGE,0.0,4.440892098500626e-16
KMI,midstream,BASE,5,2.0,6.010553534390651,33.27480553257829,4004931509.1732855,1332633171.3903635,2672298337.782922,2.0000000000000004,WITHIN_REFERENCE_RANGE,0.0,-4.440892098500626e-16
KMI,midstream,BULL,1,8.020251582790719,6.655865719497752,120.49899924056643,4120417928.646216,4965062368.547567,-844644439.9013515,8.020251582790717,WITHIN_REFERENCE_RANGE,0.0,1.7763568394002505e-15
KMI,midstream,BULL,2,6.640188687093039,6.655865719497752,99.7644629103801,4394021453.805135,4383671903.555569,10349550.249566078,6.640188687093039,WITHIN_REFERENCE_RANGE,0.0,0.0
KMI,midstream,BULL,3,5.260125791395359,6.655865719497752,79.02992658019376,4625152509.576184,3655254632.5400476,969897877.0361366,5.2601257913953585,WITHIN_REFERENCE_RANGE,0.0,8.881784197001252e-16
KMI,midstream,BULL,4,3.8800628956976797,6.655865719497752,58.29539025000743,4804611335.96968,2800866928.29962,2003744407.6700597,3.8800628956976793,WITHIN_REFERENCE_RANGE,0.0,4.440892098500626e-16
KMI,midstream,BULL,5,2.5,6.655865719497752,37.5608539198211,4924726619.368921,1849769371.4517045,3074957247.917217,2.5000000000000004,WITHIN_REFERENCE_RANGE,0.0,-4.440892098500626e-16
MGY,ep,BEAR,1,-5.555707277889327,13.49478356745654,-41.16929515851769,268399919.60613173,-110498355.10787258,378898274.7140043,-5.555707277889327,WITHIN_REFERENCE_RANGE,0.0,0.0
MGY,ep,BEAR,2,-3.916780458416995,13.49478356745654,-29.024403680415745,257887284.00459182,-74850246.34995295,332737530.35454476,-3.9167804584169956,WITHIN_REFERENCE_RANGE,0.0,4.440892098500626e-16
MGY,ep,BEAR,3,-2.2778536389446633,13.49478356745654,-16.879512202313794,252012989.12151766,-42538563.2501823,294551552.3716999,-2.2778536389446633,WITHIN_REFERENCE_RANGE,0.0,0.0
MGY,ep,BEAR,4,-0.6389268194723317,13.49478356745654,-4.734620724211843,250402810.5454664,-11855623.36209457,262258433.90756097,-0.6389268194723317,WITHIN_REFERENCE_RANGE,0.0,0.0
MGY,ep,BEAR,5,1.0,13.49478356745654,7.4102707538901065,252906838.6509211,18741081.49913725,234165757.15178385,1.0,WITHIN_REFERENCE_RANGE,0.0,0.0
MGY,ep,BASE,1,-0.4455998953782483,25.54292009432819,-1.7445143066363578,449587596.61171824,-7843119.943753981,457430716.5554722,-0.4455998953782483,WITHIN_REFERENCE_RANGE,0.0,0.0
MGY,ep,BASE,2,0.16580007846631378,25.54292009432819,0.6491038528642218,450333013.1996752,2923128.939398636,447409884.26027656,0.16580007846631378,WITHIN_REFERENCE_RANGE,0.0,0.0
MGY,ep,BASE,3,0.7772000523108759,25.54292009432819,3.042722012364801,453833001.6138363,13808876.639480101,440024124.9743562,0.7772000523108759,WITHIN_REFERENCE_RANGE,0.0,0.0
MGY,ep,BASE,4,1.3886000261554379,25.54292009432819,5.436340171865381,460134926.79294807,25014499.8700284,435120426.9229197,1.388600026155438,WITHIN_REFERENCE_RANGE,0.0,-2.220446049250313e-16
MGY,ep,BASE,5,2.0,25.54292009432819,7.82995833136596,469337625.328807,36748940.49666808,432588684.8321389,2.0,WITHIN_REFERENCE_RANGE,0.0,0.0
MGY,ep,BULL,1,14.31068893384303,35.0,40.88768266812294,625012346.0511813,255553064.68999746,369459281.3611839,14.31068893384303,WITHIN_REFERENCE_RANGE,0.0,0.0
MGY,ep,BULL,2,11.358016700382272,35.0,32.45147628680649,696001352.6951255,225862713.92571104,470138638.7694144,11.35801670038227,WITHIN_REFERENCE_RANGE,0.0,1.7763568394002505e-15
MGY,ep,BULL,3,8.405344466921516,35.0,24.015269905490047,754502663.8835841,181195851.1757551,573306812.707829,8.405344466921516,WITHIN_REFERENCE_RANGE,0.0,0.0
MGY,ep,BULL,4,5.452672233460758,35.0,15.579063524173595,795643221.1378859,123953762.84685224,671689458.2910337,5.452672233460759,WITHIN_REFERENCE_RANGE,0.0,-8.881784197001252e-16
MGY,ep,BULL,5,2.5,35.0,7.142857142857142,815534301.6663331,58252450.119023785,757281851.5473093,2.4999999999999996,WITHIN_REFERENCE_RANGE,0.0,4.440892098500626e-16
MPC,refining,BEAR,1,-0.3095813408377326,8.073617589389329,-3.8344811035464046,4000389913.7709413,-153394195.31172305,4153784109.0826645,-0.3095813408377326,WITHIN_REFERENCE_RANGE,0.0,0.0
MPC,refining,BEAR,2,0.01781399437170056,8.073617589389329,0.22064451498312754,4001102543.0050273,8828213.299991025,3992274329.705036,0.01781399437170056,WITHIN_REFERENCE_RANGE,0.0,0.0
MPC,refining,BEAR,3,0.3452093295811337,8.073617589389329,4.27577013351266,4014914722.2695885,171668524.58080584,3843246197.6887827,0.3452093295811337,WITHIN_REFERENCE_RANGE,0.0,0.0
MPC,refining,BEAR,4,0.6726046647905668,8.073617589389329,8.330895752042192,4041919225.9789376,336728077.09805596,3705191148.880882,0.6726046647905669,WITHIN_REFERENCE_RANGE,0.0,-1.1102230246251565e-16
MPC,refining,BEAR,5,1.0,8.073617589389329,12.386021370571724,4082338418.238727,505639308.90210843,3576699109.3366184,1.0,WITHIN_REFERENCE_RANGE,0.0,0.0
MPC,refining,BASE,1,0.8236938929741809,13.610018212418565,6.052114553546998,6806417016.505835,411932154.83104897,6394484861.674786,0.8236938929741809,WITHIN_REFERENCE_RANGE,0.0,0.0
MPC,refining,BASE,2,1.1177704197306357,13.610018212418565,8.21285028634802,6882497132.559851,565249185.4593359,6317247947.100514,1.1177704197306357,WITHIN_REFERENCE_RANGE,0.0,0.0
MPC,refining,BASE,3,1.4118469464870904,13.610018212418565,10.373586019149041,6979667458.167958,724041807.6236066,6255625650.544352,1.4118469464870904,WITHIN_REFERENCE_RANGE,0.0,0.0
MPC,refining,BASE,4,1.7059234732435453,13.610018212418565,12.534321751950065,7098735243.691185,889778315.7633296,6208956927.9278555,1.7059234732435455,WITHIN_REFERENCE_RANGE,0.0,-2.220446049250313e-16
MPC,refining,BASE,5,2.0,13.610018212418565,14.695057484751084,7240709948.565009,1064026489.2457187,6176683459.31929,2.0,WITHIN_REFERENCE_RANGE,0.0,0.0
MPC,refining,BULL,1,12.597395804962652,25.252881914327794,49.88498282176354,12853597078.128202,6412014694.402954,6441582383.725248,12.597395804962652,WITHIN_REFERENCE_RANGE,0.0,0.0
MPC,refining,BULL,2,10.073046853721989,25.252881914327794,39.888702160393095,14148345934.196695,5643591570.313807,8504754363.882889,10.073046853721989,WITHIN_REFERENCE_RANGE,0.0,0.0
MPC,refining,BULL,3,7.548697902481326,25.252881914327794,29.89242149902266,15216361826.967203,4548539014.133421,10667822812.833782,7.548697902481326,WITHIN_REFERENCE_RANGE,0.0,0.0
MPC,refining,BULL,4,5.024348951240663,25.252881914327794,19.896140837652215,15980884942.837416,3179579375.330089,12801305567.507326,5.024348951240663,WITHIN_REFERENCE_RANGE,0.0,0.0
MPC,refining,BULL,5,2.5,25.252881914327794,9.899860176281775,16380407066.408348,1621637395.8802056,14758769670.528143,2.5,WITHIN_REFERENCE_RANGE,0.0,0.0
MTDR,ep,BEAR,1,7.841185782593682,2.0,392.0592891296841,-72313330.79699568,-283511130.6686982,211197799.8717025,7.841185782593682,OUTSIDE_REFERENCE_RANGE_NOT_CLIPPED,0.0,0.0
MTDR,ep,BEAR,2,6.130889336945261,2.0,306.54446684726304,-76746781.08401863,-235263010.89644104,158516229.8124224,6.130889336945261,OUTSIDE_REFERENCE_RANGE_NOT_CLIPPED,0.0,0.0
MTDR,ep,BEAR,3,4.420592891296841,2.0,221.02964456484204,-80139443.83291791,-177131927.8601397,96992484.02722178,4.420592891296841,OUTSIDE_REFERENCE_RANGE_NOT_CLIPPED,0.0,0.0
MTDR,ep,BEAR,4,2.7102964456484204,2.0,135.51482228242102,-82311460.33068392,-111544229.1851918,29232768.85450788,2.7102964456484204,WITHIN_REFERENCE_RANGE,0.0,0.0
MTDR,ep,BEAR,5,1.0,2.0,50.0,-83134574.93399073,-41567287.466995366,-41567287.466995366,1.0,WITHIN_REFERENCE_RANGE,0.0,0.0
MTDR,ep,BASE,1,11.768870097158958,22.66710344375829,51.920485236942284,1255835149.034064,652035703.1545633,603799445.8795007,11.768870097158958,WITHIN_REFERENCE_RANGE,0.0,0.0
MTDR,ep,BASE,2,9.326652572869218,22.66710344375829,41.146203775045834,1372962530.272446,564921960.4609259,808040569.81152,9.326652572869216,WITHIN_REFERENCE_RANGE,0.0,1.7763568394002505e-15
MTDR,ep,BASE,3,6.884435048579479,22.66710344375829,30.371922313149398,1467483243.9103856,445702870.798947,1021780373.1114386,6.884435048579479,WITHIN_REFERENCE_RANGE,0.0,0.0
MTDR,ep,BASE,4,4.44221752428974,22.66710344375829,19.597640851252955,1532672041.7373881,300367562.1672591,1232304479.570129,4.44221752428974,WITHIN_REFERENCE_RANGE,0.0,0.0
MTDR,ep,BASE,5,2.0,22.66710344375829,8.823359389356511,1563325482.5721362,137937825.75273156,1425387656.8194046,2.0000000000000004,WITHIN_REFERENCE_RANGE,0.0,-4.440892098500626e-16
MTDR,ep,BULL,1,20.0,35.0,57.14285714285714,1672482180.1519551,955704102.9439743,716778077.2079809,19.999999999999996,WITHIN_REFERENCE_RANGE,0.0,3.552713678800501e-15
MTDR,ep,BULL,2,15.625,35.0,44.642857142857146,1933807520.8006983,863306928.9288832,1070500591.8718151,15.625,WITHIN_REFERENCE_RANGE,0.0,0.0
MTDR,ep,BULL,3,11.25,35.0,32.142857142857146,2151360866.890777,691508850.0720356,1459852016.8187416,11.25,WITHIN_REFERENCE_RANGE,0.0,0.0
MTDR,ep,BULL,4,6.875,35.0,19.642857142857142,2299266926.489518,451641717.7032982,1847625208.78622,6.875,WITHIN_REFERENCE_RANGE,0.0,0.0
MTDR,ep,BULL,5,2.5,35.0,7.142857142857142,2356748599.651756,168339185.68941113,2188409413.9623446,2.4999999999999996,WITHIN_REFERENCE_RANGE,0.0,4.440892098500626e-16
NOG,ep,BEAR,1,5.449476212161528,2.0,272.4738106080764,-313002866.84853375,-852850838.6147234,539847971.7661897,5.449476212161528,OUTSIDE_REFERENCE_RANGE_NOT_CLIPPED,0.0,0.0
NOG,ep,BEAR,2,4.337107159121146,2.0,216.8553579560573,-326578136.59487593,-708202187.11904,381624050.5241641,4.337107159121146,OUTSIDE_REFERENCE_RANGE_NOT_CLIPPED,0.0,0.0
NOG,ep,BEAR,3,3.224738106080764,2.0,161.2369053040382,-337109426.21177936,-543544806.3120732,206435380.10029387,3.224738106080764,OUTSIDE_REFERENCE_RANGE_NOT_CLIPPED,0.0,0.0
NOG,ep,BEAR,4,2.112369053040382,2.0,105.6184526520191,-344230421.405959,-363570844.6464986,19340423.24053961,2.112369053040382,WITHIN_REFERENCE_RANGE,0.0,0.0
NOG,ep,BEAR,5,1.0,2.0,50.0,-347672725.6200186,-173836362.8100093,-173836362.8100093,1.0,WITHIN_REFERENCE_RANGE,0.0,0.0
NOG,ep,BASE,1,12.54967667782221,15.178565310250514,82.68025614612641,452779616.829435,374359346.9720265,78420269.85740846,12.549676677822212,WITHIN_REFERENCE_RANGE,0.0,-1.7763568394002505e-15
NOG,ep,BASE,2,9.912257508366658,15.178565310250514,65.304311084478,497660298.39496446,324993629.40778905,172666668.9871754,9.91225750836666,WITHIN_REFERENCE_RANGE,0.0,-1.7763568394002505e-15
NOG,ep,BASE,3,7.274838338911105,15.178565310250514,47.928366022829586,533864280.58014065,255872426.4615957,277991854.11854494,7.274838338911105,WITHIN_REFERENCE_RANGE,0.0,0.0
NOG,ep,BASE,4,4.637419169455553,15.178565310250514,30.55242096118118,558621805.0666401,170672485.46490884,387949319.6017313,4.637419169455553,WITHIN_REFERENCE_RANGE,0.0,0.0
NOG,ep,BASE,5,2.0,15.178565310250514,13.176475899532766,569794241.167973,75078800.86442357,494715440.30354947,2.0,WITHIN_REFERENCE_RANGE,0.0,0.0
NOG,ep,BULL,1,20.0,35.0,57.14285714285714,890481996.0,508846854.8571428,381635141.1428572,19.999999999999996,WITHIN_REFERENCE_RANGE,0.0,3.552713678800501e-15
NOG,ep,BULL,2,15.625,35.0,44.642857142857146,1029619807.875,459651699.94419646,569968107.9308035,15.625,WITHIN_REFERENCE_RANGE,0.0,0.0
NOG,ep,BULL,3,11.25,35.0,32.142857142857146,1145452036.2609375,368181011.65530133,777271024.6056361,11.25,WITHIN_REFERENCE_RANGE,0.0,0.0
NOG,ep,BULL,4,6.875,35.0,19.642857142857142,1224201863.7538772,240468223.23736873,983733640.5165085,6.875,WITHIN_REFERENCE_RANGE,0.0,0.0
NOG,ep,BULL,5,2.5,35.0,7.142857142857142,1254806910.3477242,89629065.02483743,1165177845.3228867,2.4999999999999996,WITHIN_REFERENCE_RANGE,0.0,4.440892098500626e-16
OVV,ep,BEAR,1,-11.014778378116997,3.5323139820839713,-311.82897199921536,471421943.6345839,-1470030200.6144435,1941452144.2490275,-11.014778378116995,OUTSIDE_REFERENCE_RANGE_NOT_CLIPPED,0.0,-1.7763568394002505e-15
OVV,ep,BEAR,2,-8.011083783587747,3.5323139820839713,-226.79421546952688,433655936.75579965,-983506579.6023434,1417162516.358143,-8.011083783587747,OUTSIDE_REFERENCE_RANGE_NOT_CLIPPED,0.0,0.0
OVV,ep,BEAR,3,-5.0073891890584985,3.5323139820839713,-141.75945893983842,411941096.2609794,-583965469.2104033,995906565.4713827,-5.007389189058499,OUTSIDE_REFERENCE_RANGE_NOT_CLIPPED,0.0,8.881784197001252e-16
OVV,ep,BEAR,4,-2.0036945945292493,3.5323139820839713,-56.72470241014993,403687054.7825536,-228990280.49370247,632677335.2762561,-2.0036945945292497,OUTSIDE_REFERENCE_RANGE_NOT_CLIPPED,0.0,4.440892098500626e-16
OVV,ep,BEAR,5,1.0,3.5323139820839713,28.310054119538563,407723925.3303792,115426863.91933735,292297061.41104186,1.0,WITHIN_REFERENCE_RANGE,0.0,0.0
OVV,ep,BASE,1,-8.361437580773632,12.921181646212649,-64.71109074783783,1469580170.1013803,-950981357.4865338,2420561527.587914,-8.361437580773632,OUTSIDE_REFERENCE_RANGE_NOT_CLIPPED,0.0,0.0
OVV,ep,BASE,2,-5.771078185580224,12.921181646212649,-44.6637029305427,1384769549.4850466,-618489357.8546157,2003258907.3396623,-5.771078185580223,WITHIN_REFERENCE_RANGE,0.0,-8.881784197001252e-16
OVV,ep,BASE,3,-3.180718790386816,12.921181646212649,-24.616315113247573,1340723924.2210212,-330036825.9849452,1670760750.2059665,-3.1807187903868157,WITHIN_REFERENCE_RANGE,0.0,-4.440892098500626e-16
OVV,ep,BASE,4,-0.5903593951934081,12.921181646212649,-4.568927295952452,1332808834.5707765,-60895066.645569965,1393703901.2163465,-0.5903593951934082,WITHIN_REFERENCE_RANGE,0.0,1.1102230246251565e-16
OVV,ep,BASE,5,2.0,12.921181646212649,15.47846052134267,1359465011.2621922,210424255.06968513,1149040756.192507,1.9999999999999998,WITHIN_REFERENCE_RANGE,0.0,2.220446049250313e-16
OVV,ep,BULL,1,3.69302497935743,26.026278508142823,14.18960063077015,2397640383.9816766,340215595.0490638,2057424788.932613,3.6930249793574297,WITHIN_REFERENCE_RANGE,0.0,4.440892098500626e-16
OVV,ep,BULL,2,3.3947687345180726,26.026278508142823,13.043619484268385,2479034730.1032653,323355857.07752967,2155678873.025736,3.3947687345180726,WITHIN_REFERENCE_RANGE,0.0,0.0
OVV,ep,BULL,3,3.096512489678715,26.026278508142823,11.89763833776662,2555798350.144386,304079644.34278524,2251718705.8016005,3.0965124896787146,WITHIN_REFERENCE_RANGE,0.0,4.440892098500626e-16
OVV,ep,BULL,4,2.7982562448393575,26.026278508142823,10.751657191264856,2627316137.0828023,282480024.3899251,2344836112.6928773,2.7982562448393575,WITHIN_REFERENCE_RANGE,0.0,0.0
OVV,ep,BULL,5,2.5,26.026278508142823,9.605676044763092,2692999040.5098724,258680763.7199567,2434318276.7899156,2.5000000000000004,WITHIN_REFERENCE_RANGE,0.0,-4.440892098500626e-16
PR,ep,BEAR,1,3.765104288034564,2.0,188.2552144017282,-29357204.131869514,-55266467.58080397,25909263.448934454,3.765104288034564,OUTSIDE_REFERENCE_RANGE_NOT_CLIPPED,0.0,0.0
PR,ep,BEAR,2,3.073828216025923,2.0,153.69141080129617,-30259594.155911252,-46506397.16096657,16246803.005055316,3.0738282160259236,OUTSIDE_REFERENCE_RANGE_NOT_CLIPPED,0.0,-4.440892098500626e-16
PR,ep,BEAR,3,2.382552144017282,2.0,119.1276072008641,-30980544.765243843,-36906381.676627554,5925836.911383711,2.382552144017282,WITHIN_REFERENCE_RANGE,0.0,0.0
PR,ep,BEAR,4,1.691276072008641,2.0,84.56380360043205,-31504511.305836346,-26641413.06594336,-4863098.239892986,1.691276072008641,WITHIN_REFERENCE_RANGE,0.0,0.0
PR,ep,BEAR,5,1.0,2.0,50.0,-31819556.41889471,-15909778.209447354,-15909778.209447354,1.0,WITHIN_REFERENCE_RANGE,0.0,0.0
PR,ep,BASE,1,15.138106106573883,11.228157047153477,134.8227143867002,1582696328.371721,2133834150.4093962,-551137822.0376751,15.138106106573883,WITHIN_REFERENCE_RANGE,0.0,0.0
PR,ep,BASE,2,11.853579579930411,11.228157047153477,105.57012633640967,1770302497.1638997,1868910582.7925441,-98608085.62864447,11.853579579930411,WITHIN_REFERENCE_RANGE,0.0,0.0
PR,ep,BASE,3,8.569053053286941,11.228157047153477,76.31753828611916,1922000657.3495378,1466823587.5321953,455177069.8173425,8.569053053286941,WITHIN_REFERENCE_RANGE,0.0,0.0
PR,ep,BASE,4,5.284526526643471,11.228157047153477,47.06495023582864,2023569291.9294357,952391880.2340989,1071177411.6953368,5.284526526643471,WITHIN_REFERENCE_RANGE,0.0,0.0
PR,ep,BASE,5,2.0,11.228157047153477,17.812362185538124,2064040677.768025,367654401.1808765,1696386276.5871484,2.0,WITHIN_REFERENCE_RANGE,0.0,0.0
PR,ep,BULL,1,20.0,17.443005611687653,114.65913871287779,2117907432.803338,2428374421.1883283,-310466988.3849902,20.000000000000004,WITHIN_REFERENCE_RANGE,0.0,-3.552713678800501e-15
PR,ep,BULL,2,15.625,17.443005611687653,89.57745211943576,2448830469.17886,2193599941.0148478,255230528.16401243,15.625,WITHIN_REFERENCE_RANGE,0.0,0.0
PR,ep,BULL,3,11.25,17.443005611687653,64.49576552599375,2724323896.9614816,1757073552.7528925,967250344.2085891,11.25,WITHIN_REFERENCE_RANGE,0.0,0.0
PR,ep,BULL,4,6.875,17.443005611687653,39.41407893255173,2911621164.8775835,1147588664.141733,1764032500.7358506,6.875,WITHIN_REFERENCE_RANGE,0.0,0.0
PR,ep,BULL,5,2.5,17.443005611687653,14.332392339109724,2984411693.999523,427737592.9982824,2556674101.0012407,2.5000000000000004,WITHIN_REFERENCE_RANGE,0.0,-4.440892098500626e-16
PSX,refining,BEAR,1,1.5402489180592556,5.579419815803645,27.60589754684739,2657343386.246938,733583492.675255,1923759893.5716834,1.5402489180592556,WITHIN_REFERENCE_RANGE,0.0,0.0
PSX,refining,BEAR,2,1.4051866885444417,5.579419815803645,25.18517578770943,2694684021.779396,678660907.8084592,2016023113.9709368,1.4051866885444417,WITHIN_REFERENCE_RANGE,0.0,0.0
PSX,refining,BEAR,3,1.2701244590296277,5.579419815803645,22.76445402857147,2728909862.6335793,621221431.160374,2107688431.473205,1.270124459029628,WITHIN_REFERENCE_RANGE,0.0,-2.220446049250313e-16
PSX,refining,BEAR,4,1.1350622295148138,5.579419815803645,20.343732269433513,2759884687.7618375,561463551.8233593,2198421135.9384785,1.1350622295148138,WITHIN_REFERENCE_RANGE,0.0,0.0
PSX,refining,BEAR,5,1.0,5.579419815803645,17.923010510295555,2787483534.639456,499600966.8861877,2287882567.7532682,1.0000000000000002,WITHIN_REFERENCE_RANGE,0.0,-2.220446049250313e-16
PSX,refining,BASE,1,2.8851435482731187,11.387449375081452,25.336170139965887,5621185863.904371,1424193214.3625226,4196992649.5418487,2.8851435482731187,WITHIN_REFERENCE_RANGE,0.0,0.0
PSX,refining,BASE,2,2.663857661204839,11.387449375081452,23.39292648829699,5770926254.190552,1349988536.3366268,4420937717.853925,2.6638576612048386,WITHIN_REFERENCE_RANGE,0.0,4.440892098500626e-16
PSX,refining,BASE,3,2.4425717741365593,11.387449375081452,21.449682836628092,5911885269.981646,1268080640.0763974,4643804629.905249,2.442571774136559,WITHIN_REFERENCE_RANGE,0.0,4.440892098500626e-16
PSX,refining,BASE,4,2.2212858870682797,11.387449375081452,19.5064391849592,6043205143.143416,1178814136.069597,4864391007.073819,2.2212858870682797,WITHIN_REFERENCE_RANGE,0.0,0.0
PSX,refining,BASE,5,2.0,11.387449375081452,17.5631955332903,6164069246.006285,1082607534.483497,5081461711.522788,2.0,WITHIN_REFERENCE_RANGE,0.0,0.0
PSX,refining,BULL,1,14.713059649001494,22.154731331337786,66.41046297948071,10472474424.123766,6954818750.468299,3517655673.655467,14.713059649001496,WITHIN_REFERENCE_RANGE,0.0,-1.7763568394002505e-15
PSX,refining,BULL,2,11.65979473675112,22.154731331337786,52.62891507178146,11693543445.835354,6154185048.990555,5539358396.844799,11.65979473675112,WITHIN_REFERENCE_RANGE,0.0,0.0
PSX,refining,BULL,3,8.606529824500747,22.154731331337786,38.8473671640822,12699951750.042126,4933596886.000148,7766354864.041978,8.606529824500747,WITHIN_REFERENCE_RANGE,0.0,0.0
PSX,refining,BULL,4,5.553264912250373,22.154731331337786,25.065819256382948,13405213714.449942,3360126640.5958815,10045087073.854061,5.553264912250373,WITHIN_REFERENCE_RANGE,0.0,0.0
PSX,refining,BULL,5,2.5,22.154731331337786,11.284271348683697,13740344057.31119,1550497707.6697297,12189846349.64146,2.5,WITHIN_REFERENCE_RANGE,0.0,0.0
RRC,ep,BEAR,1,-13.4161772329324,2.0,-670.80886164662,-438314685.83558846,2940253754.4836698,-3378568440.319258,-13.4161772329324,OUTSIDE_REFERENCE_RANGE_NOT_CLIPPED,0.0,0.0
RRC,ep,BEAR,2,-9.8121329246993,2.0,-490.606646234965,-395306666.2329225,1939400777.548588,-2334707443.7815104,-9.8121329246993,OUTSIDE_REFERENCE_RANGE_NOT_CLIPPED,0.0,0.0
RRC,ep,BEAR,3,-6.2080886164662,2.0,-310.40443082331,-370765678.08638436,1150873092.752227,-1521638770.8386114,-6.2080886164662,OUTSIDE_REFERENCE_RANGE_NOT_CLIPPED,0.0,0.0
RRC,ep,BEAR,4,-2.6040443082331,2.0,-130.202215411655,-361110775.54929405,470174229.85538983,-831285005.4046838,-2.6040443082331,OUTSIDE_REFERENCE_RANGE_NOT_CLIPPED,0.0,0.0
RRC,ep,BEAR,5,1.0,2.0,50.0,-364721883.304787,-182360941.6523935,-182360941.6523935,1.0,WITHIN_REFERENCE_RANGE,0.0,0.0
RRC,ep,BASE,1,-6.943174724937089,11.729776689472088,-59.19272726793552,712941479.958586,-422009505.81186897,1134950985.770455,-6.943174724937088,OUTSIDE_REFERENCE_RANGE_NOT_CLIPPED,0.0,-8.881784197001252e-16
RRC,ep,BASE,2,-4.707381043702817,11.729776689472088,-40.13188970535021,679380607.8783212,-272648276.23326564,952028884.1115868,-4.707381043702817,WITHIN_REFERENCE_RANGE,0.0,0.0
RRC,ep,BASE,3,-2.4715873624685445,11.729776689472088,-21.071052142764888,662589122.6309386,-139614499.52185348,802203622.1527921,-2.4715873624685445,WITHIN_REFERENCE_RANGE,0.0,0.0
RRC,ep,BASE,4,-0.23579368123427225,11.729776689472088,-2.0102145801795688,661026779.3472294,-13288056.69732943,674314836.0445588,-0.23579368123427227,WITHIN_REFERENCE_RANGE,0.0,2.7755575615628914e-17
RRC,ep,BASE,5,2.0,11.729776689472088,17.05062298240575,674247314.934174,114963367.63841994,559283947.295754,2.0,WITHIN_REFERENCE_RANGE,0.0,0.0
RRC,ep,BULL,1,2.2855189319117937,24.303680847870822,9.404003229872982,1136402440.182947,106867322.17915972,1029535118.0037872,2.2855189319117937,WITHIN_REFERENCE_RANGE,0.0,0.0
RRC,ep,BULL,2,2.3391391989338453,24.303680847870822,9.624629345553517,1162984475.1189075,111932945.07652591,1051051530.0423815,2.339139198933845,WITHIN_REFERENCE_RANGE,0.0,4.440892098500626e-16
RRC,ep,BULL,3,2.392759465955897,24.303680847870822,9.845255461234053,1190811896.2349122,117238473.24709249,1073573422.9878197,2.392759465955897,WITHIN_REFERENCE_RANGE,0.0,0.0
RRC,ep,BULL,4,2.4463797329779484,24.303680847870822,10.065881576914588,1219943677.1222935,122798085.84418733,1097145591.2781062,2.446379732977948,WITHIN_REFERENCE_RANGE,0.0,4.440892098500626e-16
RRC,ep,BULL,5,2.5,24.303680847870822,10.286507692595125,1250442269.050351,128626840.19732536,1121815428.8530254,2.5000000000000004,WITHIN_REFERENCE_RANGE,0.0,-4.440892098500626e-16
SLB,services,BEAR,1,6.3826476988752106,10.696869761274968,59.66836879684004,3962212490.41905,2364187561.2976995,1598024929.1213508,6.3826476988752106,WITHIN_REFERENCE_RANGE,0.0,0.0
SLB,services,BEAR,2,5.036985774156408,10.696869761274968,47.0884089137124,4161788569.903306,1959720019.920212,2202068549.983094,5.036985774156409,WITHIN_REFERENCE_RANGE,0.0,-8.881784197001252e-16
SLB,services,BEAR,3,3.6913238494376053,10.696869761274968,34.50844903058476,4315413663.947315,1489182324.6821494,2826231339.265166,3.6913238494376053,WITHIN_REFERENCE_RANGE,0.0,0.0
SLB,services,BEAR,4,2.3456619247188026,10.696869761274968,21.92848914745711,4416638679.156641,968502133.4412571,3448136545.715384,2.3456619247188026,WITHIN_REFERENCE_RANGE,0.0,0.0
SLB,services,BEAR,5,1.0,10.696869761274968,9.348529264329468,4460805065.948207,417019667.01485956,4043785398.933347,1.0,WITHIN_REFERENCE_RANGE,0.0,0.0
SLB,services,BASE,1,8.727281333669472,14.384734116103347,60.67043897529882,4863931688.788711,2950968707.0467763,1912962981.7419343,8.727281333669472,WITHIN_REFERENCE_RANGE,0.0,0.0
SLB,services,BASE,2,7.045461000252104,14.384734116103347,48.97873637000275,5206618099.001223,2550135752.502658,2656482346.4985647,7.0454610002521045,WITHIN_REFERENCE_RANGE,0.0,-8.881784197001252e-16
SLB,services,BASE,3,5.363640666834736,14.384734116103347,37.28703376470668,5485882384.726031,2045522817.0848913,3440359567.64114,5.363640666834735,WITHIN_REFERENCE_RANGE,0.0,8.881784197001252e-16
SLB,services,BASE,4,3.681820333417368,14.384734116103347,25.595331159410605,5687862717.834235,1455827298.522325,4232035419.31191,3.6818203334173676,WITHIN_REFERENCE_RANGE,0.0,4.440892098500626e-16
SLB,services,BASE,5,2.0,14.384734116103347,13.903628554114533,5801619972.19092,806635691.0547484,4994984281.136171,1.9999999999999998,WITHIN_REFERENCE_RANGE,0.0,2.220446049250313e-16
SLB,services,BULL,1,10.58831630637706,17.85844681475308,59.29024184583579,5888083856.598774,3491059158.6630282,2397024697.9357457,10.58831630637706,WITHIN_REFERENCE_RANGE,0.0,0.0
SLB,services,BULL,2,8.566237229782795,17.85844681475308,47.967425827346425,6392471088.043569,3066303827.691864,3326167260.3517046,8.566237229782793,WITHIN_REFERENCE_RANGE,0.0,1.7763568394002505e-15
SLB,services,BULL,3,6.54415815318853,17.85844681475308,36.64460980885707,6810804505.941993,2495792736.046499,4315011769.895494,6.54415815318853,WITHIN_REFERENCE_RANGE,0.0,0.0
SLB,services,BULL,4,4.522079076594265,17.85844681475308,25.321793790367707,7118794471.452934,1802606456.421409,5316188015.031526,4.522079076594265,WITHIN_REFERENCE_RANGE,0.0,0.0
SLB,services,BULL,5,2.5,17.85844681475308,13.998977771878346,7296764333.239256,1021472417.0765107,6275291916.162745,2.5000000000000004,WITHIN_REFERENCE_RANGE,0.0,-4.440892098500626e-16
SM,ep,BEAR,1,11.185714495696663,8.526724981015796,131.18418291431863,409500060.2749375,537199308.1053191,-127699247.83038163,11.185714495696661,WITHIN_REFERENCE_RANGE,0.0,1.7763568394002505e-15
SM,ep,BEAR,2,8.639285871772497,8.526724981015796,101.320095241811,444877941.1271701,450750753.6598566,-5872812.532686532,8.639285871772495,WITHIN_REFERENCE_RANGE,0.0,1.7763568394002505e-15
SM,ep,BEAR,3,6.092857247848332,8.526724981015796,71.45600756930341,471983719.00721526,337260721.9796755,134722997.0275398,6.092857247848332,WITHIN_REFERENCE_RANGE,0.0,0.0
SM,ep,BEAR,4,3.546428623924166,8.526724981015796,41.59191989679579,488722284.7183489,203268981.17784593,285453303.540503,3.546428623924166,WITHIN_REFERENCE_RANGE,0.0,0.0
SM,ep,BEAR,5,1.0,8.526724981015796,11.727832224288171,493609507.5655324,57889694.89042066,435719812.6751117,1.0,WITHIN_REFERENCE_RANGE,0.0,0.0
SM,ep,BASE,1,17.33508493804462,21.81220528458439,79.4742425714105,1291112884.2049572,1026102185.4637821,265010698.74117517,17.335084938044616,WITHIN_REFERENCE_RANGE,0.0,3.552713678800501e-15
SM,ep,BASE,2,13.501313703533466,21.81220528458439,61.89797651077223,1465430084.9682074,907071569.7754105,558358515.1927968,13.501313703533464,WITHIN_REFERENCE_RANGE,0.0,1.7763568394002505e-15
SM,ep,BASE,3,9.66754246902231,21.81220528458439,44.32171045013395,1607101160.7863383,712294723.1244625,894806437.6618758,9.667542469022308,WITHIN_REFERENCE_RANGE,0.0,1.7763568394002505e-15
SM,ep,BASE,4,5.833771234511155,21.81220528458439,26.745444389495677,1700855766.013787,454901433.0447481,1245954332.969039,5.833771234511155,WITHIN_REFERENCE_RANGE,0.0,0.0
SM,ep,BASE,5,2.0,21.81220528458439,9.169178328857399,1734872881.3340626,159073588.2685068,1575799293.0655558,2.0000000000000004,WITHIN_REFERENCE_RANGE,0.0,-4.440892098500626e-16
SM,ep,BULL,1,20.0,32.575634169942546,61.39558142034254,1642709011.374554,1008550748.5777682,634158262.7967857,20.0,WITHIN_REFERENCE_RANGE,0.0,0.0
SM,ep,BULL,2,15.625,32.575634169942546,47.96529798464261,1899382294.401828,911044377.3773786,988337917.0244495,15.625000000000002,WITHIN_REFERENCE_RANGE,0.0,-1.7763568394002505e-15
SM,ep,BULL,3,11.25,32.575634169942546,34.53501454894268,2113062802.522034,729746546.2792803,1383316256.2427535,11.25,WITHIN_REFERENCE_RANGE,0.0,0.0
SM,ep,BULL,4,6.875,32.575634169942546,21.104731113242746,2258335870.1954236,476615713.0386549,1781720157.1567688,6.875,WITHIN_REFERENCE_RANGE,0.0,0.0
SM,ep,BULL,5,2.5,32.575634169942546,7.674447677542817,2314794266.9503093,177647674.8598623,2137146592.090447,2.5,WITHIN_REFERENCE_RANGE,0.0,0.0
VLO,refining,BEAR,1,-1.2511354508385346,4.395519911131764,-28.463878588514703,1606997946.975604,-457413944.5470598,2064411891.5226638,-1.2511354508385346,WITHIN_REFERENCE_RANGE,0.0,0.0
VLO,refining,BEAR,2,-0.688351588128901,4.395519911131764,-15.660299624297764,1595936151.0863986,-249928383.07261547,1845864534.159014,-0.688351588128901,WITHIN_REFERENCE_RANGE,0.0,0.0
VLO,refining,BEAR,3,-0.1255677254192673,4.395519911131764,-2.8567206600808226,1593932170.3623357,-45534189.6184155,1639466359.9807513,-0.1255677254192673,WITHIN_REFERENCE_RANGE,0.0,0.0
VLO,refining,BEAR,4,0.43721613729036635,4.395519911131764,9.946858304136118,1600901099.0286229,159239363.90973493,1441661735.118888,0.4372161372903664,WITHIN_REFERENCE_RANGE,0.0,-5.551115123125783e-17
VLO,refining,BEAR,5,1.0,4.395519911131764,22.750437268353057,1616910110.0189087,367854120.26551026,1249055989.7533984,1.0,WITHIN_REFERENCE_RANGE,0.0,0.0
VLO,refining,BASE,1,-0.1984825340406651,12.478005151680483,-1.5906591769112577,4234616422.091776,-67358314.72499399,4301974736.81677,-0.19848253404066513,WITHIN_REFERENCE_RANGE,0.0,2.7755575615628914e-17
VLO,refining,BASE,2,0.35113809946950114,12.478005151680483,2.8140563752068286,4249485773.716132,119582925.32876605,4129902848.3873663,0.35113809946950114,WITHIN_REFERENCE_RANGE,0.0,0.0
VLO,refining,BASE,3,0.9007587329796675,12.478005151680483,7.218771927324916,4287763387.929609,309523859.7579783,3978239528.1716304,0.9007587329796675,WITHIN_REFERENCE_RANGE,0.0,0.0
VLO,refining,BASE,4,1.4503793664898337,12.478005151680483,11.623487479443002,4349952223.392046,505616152.047727,3844336071.344319,1.4503793664898337,WITHIN_REFERENCE_RANGE,0.0,0.0
VLO,refining,BASE,5,2.0,12.478005151680483,16.028203031561087,4436951267.859887,711163557.6240066,3725787710.2358804,1.9999999999999998,WITHIN_REFERENCE_RANGE,0.0,2.220446049250313e-16
VLO,refining,BULL,1,12.673365968290824,32.11635581456296,39.460784534415225,9168783289.41027,3618073818.2616553,5550709471.148615,12.673365968290826,WITHIN_REFERENCE_RANGE,0.0,-1.7763568394002505e-15
VLO,refining,BULL,2,10.130024476218118,32.11635581456296,31.541637334908103,10097583280.79893,3184943098.019913,6912640182.7790165,10.13002447621812,WITHIN_REFERENCE_RANGE,0.0,-1.7763568394002505e-15
VLO,refining,BULL,3,7.586682984145412,32.11635581456296,23.622490135400977,10863654913.373213,2566265810.2555904,8297389103.117622,7.586682984145413,WITHIN_REFERENCE_RANGE,0.0,-8.881784197001252e-16
VLO,refining,BULL,4,5.043341492072706,32.11635581456296,15.703342935893849,11411546129.17496,1791994222.952064,9619551906.222895,5.043341492072706,WITHIN_REFERENCE_RANGE,0.0,0.0
VLO,refining,BULL,5,2.5,32.11635581456296,7.784195736386726,11696834782.404331,910504514.4241176,10786330267.980213,2.5000000000000004,WITHIN_REFERENCE_RANGE,0.0,-4.440892098500626e-16
WMB,midstream,BEAR,1,3.3566598265401377,4.9928511702714475,67.22931872126374,2034151769.8626838,1367546376.6352108,666605393.227473,3.356659826540138,WITHIN_REFERENCE_RANGE,0.0,-4.440892098500626e-16
WMB,midstream,BEAR,2,2.767494869905103,4.9928511702714475,55.42914810646443,2090446815.7397175,1158716861.5832376,931729954.1564798,2.767494869905103,WITHIN_REFERENCE_RANGE,0.0,0.0
WMB,midstream,BEAR,3,2.178329913270069,4.9928511702714475,43.62897749166513,2135983644.0479777,931907823.2873409,1204075820.7606368,2.178329913270069,WITHIN_REFERENCE_RANGE,0.0,0.0
WMB,midstream,BEAR,4,1.5891649566350345,4.9928511702714475,31.82880687686583,2169927947.5986443,690662175.8083109,1479265771.7903333,1.5891649566350348,WITHIN_REFERENCE_RANGE,0.0,-2.220446049250313e-16
WMB,midstream,BEAR,5,1.0,4.9928511702714475,20.028636262066524,2191627227.0746303,438953045.5311924,1752674181.543438,1.0,WITHIN_REFERENCE_RANGE,0.0,0.0
WMB,midstream,BASE,1,5.852238376502766,6.835840400226502,85.61110315432255,2624306705.924762,2246697921.095052,377608784.82971,5.852238376502766,WITHIN_REFERENCE_RANGE,0.0,0.0
WMB,midstream,BASE,2,4.8891787823770745,6.835840400226502,71.52271697588309,2752613752.575334,1968744143.6936908,783869608.8816433,4.8891787823770745,WITHIN_REFERENCE_RANGE,0.0,0.0
WMB,midstream,BASE,3,3.926119188251383,6.835840400226502,57.43433079744362,2860684649.2936406,1643015084.5469995,1217669564.7466412,3.9261191882513833,WITHIN_REFERENCE_RANGE,0.0,-4.440892098500626e-16
WMB,midstream,BASE,4,2.963059594125691,6.835840400226502,43.34594461900415,2945448440.252217,1276732449.6930475,1668715990.5591693,2.963059594125691,WITHIN_REFERENCE_RANGE,0.0,0.0
WMB,midstream,BASE,5,2.0,6.835840400226502,29.25755844056469,3004357409.057261,879001624.7183633,2125355784.3388977,2.0,WITHIN_REFERENCE_RANGE,0.0,0.0
WMB,midstream,BULL,1,8.961102169610086,8.326743699312928,107.61832588109445,3488830840.673554,3754621343.5561924,-265790502.88263845,8.961102169610086,WITHIN_REFERENCE_RANGE,0.0,0.0
WMB,midstream,BULL,2,7.345826627207565,8.326743699312928,88.21967977486442,3745114305.5459814,3303927847.555302,441186457.99067926,7.345826627207564,WITHIN_REFERENCE_RANGE,0.0,8.881784197001252e-16
WMB,midstream,BULL,3,5.730551084805043,8.326743699312928,68.82103366863439,3959729994.0096364,2725127112.3643866,1234602881.6452498,5.730551084805042,WITHIN_REFERENCE_RANGE,0.0,8.881784197001252e-16
WMB,midstream,BULL,4,4.115275542402522,8.326743699312928,49.42238756240436,4122683793.9982915,2037528762.642272,2085155031.3560195,4.115275542402522,WITHIN_REFERENCE_RANGE,0.0,0.0
WMB,midstream,BULL,5,2.5,8.326743699312928,30.023741456174335,4225750888.8482485,1268728521.4497871,2957022367.3984613,2.5,WITHIN_REFERENCE_RANGE,0.0,0.0
XOM,integrated,BEAR,1,2.287169897284816,10.233962587831419,22.348820192135058,25676024027.441063,5738288442.382197,19937735585.058865,2.287169897284816,WITHIN_REFERENCE_RANGE,0.0,0.0
XOM,integrated,BEAR,2,1.9653774229636118,10.233962587831419,19.204461674508387,26180654806.791103,5027853818.505536,21152800988.28557,1.9653774229636116,WITHIN_REFERENCE_RANGE,0.0,2.220446049250313e-16
XOM,integrated,BEAR,3,1.643584948642408,10.233962587831419,16.06010315688172,26610956108.651546,4273747002.081956,22337209106.56959,1.643584948642408,WITHIN_REFERENCE_RANGE,0.0,0.0
XOM,integrated,BEAR,4,1.321792474321204,10.233962587831419,12.91574463925505,26962697723.84062,3482433185.865488,23480264537.97513,1.321792474321204,WITHIN_REFERENCE_RANGE,0.0,0.0
XOM,integrated,BEAR,5,1.0,10.233962587831419,9.771386121628382,27232324701.07903,2660975596.4380136,24571349104.641014,1.0,WITHIN_REFERENCE_RANGE,0.0,0.0
XOM,integrated,BASE,1,3.5041267492890857,13.764362164705787,25.457966793944692,32147400946.087975,8184074657.971338,23963326288.11664,3.5041267492890857,WITHIN_REFERENCE_RANGE,0.0,0.0
XOM,integrated,BASE,2,3.1280950619668144,13.764362164705787,22.72604443660886,33153002207.63322,7534366013.776643,25618636193.85658,3.128095061966814,WITHIN_REFERENCE_RANGE,0.0,4.440892098500626e-16
XOM,integrated,BASE,3,2.7520633746445426,13.764362164705787,19.994122079273026,34065393838.984592,6811076430.951732,27254317408.03286,2.752063374644542,WITHIN_REFERENCE_RANGE,0.0,4.440892098500626e-16
XOM,integrated,BASE,4,2.3760316873222713,13.764362164705787,17.2621997219372,34874798391.01,6020157350.879087,28854641040.130913,2.3760316873222713,WITHIN_REFERENCE_RANGE,0.0,0.0
XOM,integrated,BASE,5,2.0,13.764362164705787,14.530277364601368,35572294358.8302,5168753035.290474,30403541323.539726,1.9999999999999998,WITHIN_REFERENCE_RANGE,0.0,2.220446049250313e-16
XOM,integrated,BULL,1,13.213047275056816,21.049837330939255,62.7703058571201,43253172136.32596,27150148442.878452,16103023693.447506,13.213047275056818,WITHIN_REFERENCE_RANGE,0.0,-1.7763568394002505e-15
XOM,integrated,BULL,2,10.534785456292612,21.049837330939255,50.046873477774966,47809801023.92884,23927310628.421627,23882490395.507214,10.534785456292612,WITHIN_REFERENCE_RANGE,0.0,0.0
XOM,integrated,BULL,3,7.856523637528408,21.049837330939255,37.32344109842984,51565989342.4291,19246201659.044132,32319787683.384968,7.856523637528409,WITHIN_REFERENCE_RANGE,0.0,-8.881784197001252e-16
XOM,integrated,BULL,4,5.178261818764204,21.049837330939255,24.600008719084705,54236211280.01612,13342112703.78517,40894098576.23095,5.178261818764204,WITHIN_REFERENCE_RANGE,0.0,0.0
XOM,integrated,BULL,5,2.5,21.049837330939255,11.876576339739575,55592116562.01652,6602440162.3649,48989676399.65162,2.5,WITHIN_REFERENCE_RANGE,0.0,0.0
