ticker,subindustry,base_financial_quarter,primary_anchor,anchor_route,scenario,scenario_weight,scenario_weight_source,probability,story_validation_class,probability_class,assumption_validation,growth_pct,operating_margin_pct,forecast_normalized_roic_pct,roic_pct,normalized_growth_for_reinvestment_pct,reinvestment_rate_pct,wacc_pct,terminal_growth_pct,tax_rate_pct,historical_incremental_roic_pct,historical_growth_median_raw_pct,historical_growth_median_regularized_pct,historical_growth_median_regularized,historical_observations,minimum_history_pass,anchor_growth_override_used,anchor_growth_raw_pct,anchor_growth_winsorized_pct,anchor_growth_lower_bound_pct,anchor_growth_upper_bound_pct,anchor_growth_winsorized,anchor_growth_source,fundamental_growth_from_raw_reinvestment_pct,fixed_ratio_used,production_eligible,growth_raw,growth_lower_bound,growth_upper_bound,growth_hit_lower_bound,growth_hit_upper_bound,operating_margin_raw,operating_margin_lower_bound,operating_margin_upper_bound,operating_margin_hit_lower_bound,operating_margin_hit_upper_bound,roic_raw,roic_lower_bound,roic_upper_bound,roic_hit_lower_bound,roic_hit_upper_bound,reinvestment_rate_raw,reinvestment_rate_lower_bound,reinvestment_rate_upper_bound,reinvestment_rate_hit_lower_bound,reinvestment_rate_hit_upper_bound,wacc_raw,wacc_lower_bound,wacc_upper_bound,wacc_hit_lower_bound,wacc_hit_upper_bound,terminal_growth_raw,terminal_growth_lower_bound,terminal_growth_upper_bound,terminal_growth_hit_lower_bound,terminal_growth_hit_upper_bound
AR,ep,2026Q1,PRODUCTION_PLUS_REALIZED_PRICE,V3.5.3_GROUPED_REVENUE_PLUS_CONDITIONAL_COST_REINVESTMENT,BEAR,0.2,DEFAULT_SCENARIO_WEIGHT_NOT_EMPIRICAL_PROBABILITY,0.2,PLAUSIBLE,PLAUSIBLE,PASS,8.243207786750778,-1.5887948195660953,2.0,2.0,4.621603893375389,150.0,7.690596691205954,1.0,20.97500291904094,39.30972285027799,18.95976397361393,18.25,True,16,True,False,,,,,False,HISTORICAL_PIT_DISTRIBUTION,4.621603893375389,False,False,8.243207786750778,-15.0,20.0,False,False,-1.5887948195660953,-20.0,50.0,False,False,-1.5904246094080305,2.0,35.0,True,False,231.08019466876945,-50.0,150.0,False,True,7.690596691205954,3.0,20.0,False,False,1.0,0.0,3.0,False,False
AR,ep,2026Q1,PRODUCTION_PLUS_REALIZED_PRICE,V3.5.3_GROUPED_REVENUE_PLUS_CONDITIONAL_COST_REINVESTMENT,BASE,0.6,DEFAULT_SCENARIO_WEIGHT_NOT_EMPIRICAL_PROBABILITY,0.6,PROBABLE,PROBABLE,PASS,17.34910386876914,19.72517788473904,8.61795092682996,8.61795092682996,9.67455193438457,112.26046674581463,6.190596691205954,2.0,20.97500291904094,39.30972285027799,18.95976397361393,18.25,True,16,True,False,,,,,False,HISTORICAL_PIT_DISTRIBUTION,9.674551934384573,False,False,17.34910386876914,-15.0,20.0,False,False,19.72517788473904,-20.0,50.0,False,False,8.61795092682996,3.0,35.0,False,False,112.26046674581463,-50.0,150.0,False,False,6.190596691205954,3.0,20.0,False,False,2.0,0.0,3.0,False,False
AR,ep,2026Q1,PRODUCTION_PLUS_REALIZED_PRICE,V3.5.3_GROUPED_REVENUE_PLUS_CONDITIONAL_COST_REINVESTMENT,BULL,0.2,DEFAULT_SCENARIO_WEIGHT_NOT_EMPIRICAL_PROBABILITY,0.2,POSSIBLE,POSSIBLE,PASS,20.0,35.25360462322965,22.642903374365822,22.642903374365822,11.25,49.68444114254446,5.190596691205954,2.5,20.97500291904094,39.30972285027799,18.95976397361393,18.25,True,16,True,False,,,,,False,HISTORICAL_PIT_DISTRIBUTION,11.25,False,False,27.276548182745323,-15.0,20.0,False,True,35.25360462322965,-20.0,50.0,False,False,22.642903374365822,3.5,35.0,False,False,49.68444114254446,-50.0,150.0,False,False,5.190596691205954,3.0,20.0,False,False,2.5,0.0,3.0,False,False
BKR,services,2026Q1,ACTIVITY_PLUS_PRICING_PLUS_OPERATING_MARGIN,STRUCTURAL_REVENUE_PLUS_ACTIVITY_MARGIN_BRIDGE,BEAR,0.2,DEFAULT_SCENARIO_WEIGHT_NOT_EMPIRICAL_PROBABILITY,0.2,PROBABLE,PROBABLE,PASS,1.82533298880485,6.8526069464187955,5.2917161878160766,5.2917161878160766,1.412666494402425,26.695809908608137,8.161159741478016,1.0,26.373626373626376,64.47610307274842,2.823657402467916,2.823657402467916,False,20,True,True,1.5559782197755334,1.5559782197755334,-1.3671568870551458,18.25,False,PHASE2_4_SERVICES_SELECTED_RESEARCH_ROUTE,1.412666494402425,False,False,1.82533298880485,-15.0,20.0,False,False,6.8526069464187955,-10.0,30.0,False,False,5.2917161878160766,2.0,35.0,False,False,26.695809908608137,-50.0,150.0,False,False,8.161159741478016,3.0,20.0,False,False,1.0,0.0,3.0,False,False
BKR,services,2026Q1,ACTIVITY_PLUS_PRICING_PLUS_OPERATING_MARGIN,STRUCTURAL_REVENUE_PLUS_ACTIVITY_MARGIN_BRIDGE,BASE,0.6,DEFAULT_SCENARIO_WEIGHT_NOT_EMPIRICAL_PROBABILITY,0.6,PROBABLE,PROBABLE,PASS,2.6912104418376295,10.40239770162312,9.859350124556926,9.859350124556926,2.3456052209188147,23.790667653404032,6.661159741478017,2.0,26.373626373626376,64.47610307274842,2.823657402467916,2.823657402467916,False,20,True,True,1.5559782197755334,1.5559782197755334,-1.3671568870551458,18.25,False,PHASE2_4_SERVICES_SELECTED_RESEARCH_ROUTE,2.3456052209188147,False,False,2.6912104418376295,-15.0,20.0,False,False,10.40239770162312,-10.0,30.0,False,False,9.859350124556926,3.0,35.0,False,False,23.790667653404032,-50.0,150.0,False,False,6.661159741478017,3.0,20.0,False,False,2.0,0.0,3.0,False,False
BKR,services,2026Q1,ACTIVITY_PLUS_PRICING_PLUS_OPERATING_MARGIN,STRUCTURAL_REVENUE_PLUS_ACTIVITY_MARGIN_BRIDGE,BULL,0.2,DEFAULT_SCENARIO_WEIGHT_NOT_EMPIRICAL_PROBABILITY,0.2,POSSIBLE,POSSIBLE,PASS,5.086157777937681,12.99263808708379,13.42459521122954,13.42459521122954,3.7930788889688407,28.254698404581823,5.661159741478017,2.5,26.373626373626376,64.47610307274842,2.823657402467916,2.823657402467916,False,20,True,True,1.5559782197755334,1.5559782197755334,-1.3671568870551458,18.25,False,PHASE2_4_SERVICES_SELECTED_RESEARCH_ROUTE,3.793078888968841,False,False,5.086157777937681,-15.0,20.0,False,False,12.99263808708379,-10.0,30.0,False,False,13.42459521122954,3.5,35.0,False,False,28.254698404581823,-50.0,150.0,False,False,5.661159741478017,3.0,20.0,False,False,2.5,0.0,3.0,False,False
CNX,ep,2026Q1,PRODUCTION_PLUS_REALIZED_PRICE,V3.5.3_GROUPED_REVENUE_PLUS_CONDITIONAL_COST_REINVESTMENT,BEAR,0.2,DEFAULT_SCENARIO_WEIGHT_NOT_EMPIRICAL_PROBABILITY,0.2,PROBABLE,PROBABLE,PASS,-15.0,-20.0,2.0,2.0,-7.0,-50.0,8.086456160827698,1.0,18.73414175838284,,-35.7230029529636,-13.25,True,20,True,False,,,,,False,HISTORICAL_PIT_DISTRIBUTION,-7.0,False,False,-21.041676569684803,-15.0,20.0,True,False,-25.45400154260307,-20.0,50.0,True,False,-6.4080667195107575,2.0,35.0,True,False,-350.0,-50.0,150.0,True,False,8.086456160827698,3.0,20.0,False,False,1.0,0.0,3.0,False,False
CNX,ep,2026Q1,PRODUCTION_PLUS_REALIZED_PRICE,V3.5.3_GROUPED_REVENUE_PLUS_CONDITIONAL_COST_REINVESTMENT,BASE,0.6,DEFAULT_SCENARIO_WEIGHT_NOT_EMPIRICAL_PROBABILITY,0.6,PROBABLE,PROBABLE,PASS,-10.897467145250591,37.879881803963315,5.201469322402524,5.201469322402524,-4.4487335726252955,-50.0,6.586456160827697,2.0,18.73414175838284,,-35.7230029529636,-13.25,True,20,True,False,,,,,False,HISTORICAL_PIT_DISTRIBUTION,-4.4487335726252955,False,False,-10.897467145250591,-15.0,20.0,False,False,37.879881803963315,-20.0,50.0,False,False,5.201469322402524,3.0,35.0,False,False,-85.52840162807026,-50.0,150.0,True,False,6.586456160827697,3.0,20.0,False,False,2.0,0.0,3.0,False,False
CNX,ep,2026Q1,PRODUCTION_PLUS_REALIZED_PRICE,V3.5.3_GROUPED_REVENUE_PLUS_CONDITIONAL_COST_REINVESTMENT,BULL,0.2,DEFAULT_SCENARIO_WEIGHT_NOT_EMPIRICAL_PROBABILITY,0.2,PLAUSIBLE,PLAUSIBLE,PASS,11.71550870529946,50.0,23.69274823535768,23.69274823535768,7.10775435264973,29.999704053084606,5.586456160827697,2.5,18.73414175838284,,-35.7230029529636,-13.25,True,20,True,False,,,,,False,HISTORICAL_PIT_DISTRIBUTION,7.10775435264973,False,False,11.71550870529946,-15.0,20.0,False,False,62.75970094390373,-20.0,50.0,False,True,23.69274823535768,3.5,35.0,False,False,29.999704053084606,-50.0,150.0,False,False,5.586456160827697,3.0,20.0,False,False,2.5,0.0,3.0,False,False
COP,ep,2026Q1,PRODUCTION_PLUS_REALIZED_PRICE,V3.5.3_GROUPED_REVENUE_PLUS_CONDITIONAL_COST_REINVESTMENT,BEAR,0.2,DEFAULT_SCENARIO_WEIGHT_NOT_EMPIRICAL_PROBABILITY,0.2,POSSIBLE,POSSIBLE,PASS,5.347665511127381,19.924242134825278,9.310127488670773,9.310127488670773,3.1738327555636907,34.09011057502528,7.893861867479845,1.0,35.0,298.023986921545,5.22262994732543,5.22262994732543,False,20,True,True,21.0786783088434,18.25,-13.25,18.25,True,V3.4_FROZEN_REVENUE_NOWCAST,3.1738327555636903,False,False,5.347665511127381,-15.0,20.0,False,False,19.924242134825278,-20.0,50.0,False,False,9.310127488670773,2.0,35.0,False,False,34.09011057502528,-50.0,150.0,False,False,7.893861867479845,3.0,20.0,False,False,1.0,0.0,3.0,False,False
COP,ep,2026Q1,PRODUCTION_PLUS_REALIZED_PRICE,V3.5.3_GROUPED_REVENUE_PLUS_CONDITIONAL_COST_REINVESTMENT,BASE,0.6,DEFAULT_SCENARIO_WEIGHT_NOT_EMPIRICAL_PROBABILITY,0.6,PROBABLE,PROBABLE,PASS,8.492254863798395,32.23259549982627,16.86619375506222,16.86619375506222,5.246127431899198,31.10439443590896,6.393861867479845,2.0,35.0,298.023986921545,5.22262994732543,5.22262994732543,False,20,True,True,21.0786783088434,18.25,-13.25,18.25,True,V3.4_FROZEN_REVENUE_NOWCAST,5.246127431899198,False,False,8.492254863798395,-15.0,20.0,False,False,32.23259549982627,-20.0,50.0,False,False,16.86619375506222,3.0,35.0,False,False,31.10439443590896,-50.0,150.0,False,False,6.393861867479845,3.0,20.0,False,False,2.0,0.0,3.0,False,False
COP,ep,2026Q1,PRODUCTION_PLUS_REALIZED_PRICE,V3.5.3_GROUPED_REVENUE_PLUS_CONDITIONAL_COST_REINVESTMENT,BULL,0.2,DEFAULT_SCENARIO_WEIGHT_NOT_EMPIRICAL_PROBABILITY,0.2,PLAUSIBLE,PLAUSIBLE,PASS,20.0,42.57754190447099,25.53484618354082,25.53484618354082,11.25,44.05744181553556,5.393861867479845,2.5,35.0,298.023986921545,5.22262994732543,5.22262994732543,False,20,True,True,21.0786783088434,18.25,-13.25,18.25,True,V3.4_FROZEN_REVENUE_NOWCAST,11.25,False,False,21.87432296759342,-15.0,20.0,False,True,42.57754190447099,-20.0,50.0,False,False,25.53484618354082,3.5,35.0,False,False,44.05744181553556,-50.0,150.0,False,False,5.393861867479845,3.0,20.0,False,False,2.5,0.0,3.0,False,False
CVX,integrated,2026Q1,SEGMENT_EARNINGS,SEGMENT_EARNINGS_DOWNSTREAM_CANDIDATE_OTHER_BASELINE,BEAR,0.2,DEFAULT_SCENARIO_WEIGHT_NOT_EMPIRICAL_PROBABILITY,0.2,PLAUSIBLE,PLAUSIBLE,PASS,2.637493076242121,11.3882304542092,8.588957626927053,8.588957626927053,1.8187465381210606,21.17540471289727,8.403575287693794,1.0,35.0,-10.623364838812405,1.1660643110382618,1.1660643110382618,False,20,True,True,33.336546880800746,13.75,-8.75,13.75,True,PHASE2_4_INTEGRATED_SELECTED_RESEARCH_ROUTE,1.8187465381210606,False,False,2.637493076242121,-10.0,15.0,False,False,11.3882304542092,-5.0,30.0,False,False,8.588957626927053,2.0,30.0,False,False,21.17540471289727,-50.0,150.0,False,False,8.403575287693794,3.0,20.0,False,False,1.0,0.0,3.0,False,False
CVX,integrated,2026Q1,SEGMENT_EARNINGS,SEGMENT_EARNINGS_DOWNSTREAM_CANDIDATE_OTHER_BASELINE,BASE,0.6,DEFAULT_SCENARIO_WEIGHT_NOT_EMPIRICAL_PROBABILITY,0.6,PROBABLE,PROBABLE,PASS,4.312048233278697,13.905561226129684,12.203955112921747,12.203955112921747,3.1560241166393483,25.860666377719614,6.903575287693793,2.0,35.0,-10.623364838812405,1.1660643110382618,1.1660643110382618,False,20,True,True,33.336546880800746,13.75,-8.75,13.75,True,PHASE2_4_INTEGRATED_SELECTED_RESEARCH_ROUTE,3.156024116639348,False,False,4.312048233278697,-10.0,15.0,False,False,13.905561226129684,-5.0,30.0,False,False,12.203955112921747,3.0,30.0,False,False,25.860666377719614,-50.0,150.0,False,False,6.903575287693793,3.0,20.0,False,False,2.0,0.0,3.0,False,False
CVX,integrated,2026Q1,SEGMENT_EARNINGS,SEGMENT_EARNINGS_DOWNSTREAM_CANDIDATE_OTHER_BASELINE,BULL,0.2,DEFAULT_SCENARIO_WEIGHT_NOT_EMPIRICAL_PROBABILITY,0.2,PLAUSIBLE,PLAUSIBLE,PASS,14.998793866943101,18.61548348704684,20.67552878091502,20.67552878091502,8.749396933471552,42.31764530031206,5.903575287693793,2.5,35.0,-10.623364838812405,1.1660643110382618,1.1660643110382618,False,20,True,True,33.336546880800746,13.75,-8.75,13.75,True,PHASE2_4_INTEGRATED_SELECTED_RESEARCH_ROUTE,8.749396933471552,False,False,14.998793866943101,-10.0,15.0,False,False,18.61548348704684,-5.0,30.0,False,False,20.67552878091502,3.5,30.0,False,False,42.31764530031206,-50.0,150.0,False,False,5.903575287693793,3.0,20.0,False,False,2.5,0.0,3.0,False,False
DVN,ep,2026Q1,PRODUCTION_PLUS_REALIZED_PRICE,V3.5.3_GROUPED_REVENUE_PLUS_CONDITIONAL_COST_REINVESTMENT,BEAR,0.2,DEFAULT_SCENARIO_WEIGHT_NOT_EMPIRICAL_PROBABILITY,0.2,POSSIBLE,POSSIBLE,PASS,0.9015387375393611,14.511809216636944,8.02760602551068,8.02760602551068,0.9507693687696805,11.84374726099238,7.850703001716201,1.0,27.710843373493976,130.83450550346822,2.6204792256175002,2.6204792256175002,False,10,True,True,100.57644159462988,10.923892479716953,-13.25,10.923892479716953,True,V3.4_FROZEN_REVENUE_NOWCAST,0.9507693687696804,False,False,0.9015387375393611,-15.0,20.0,False,False,14.511809216636944,-20.0,50.0,False,False,8.02760602551068,2.0,35.0,False,False,11.84374726099238,-50.0,150.0,False,False,7.850703001716201,3.0,20.0,False,False,1.0,0.0,3.0,False,False
DVN,ep,2026Q1,PRODUCTION_PLUS_REALIZED_PRICE,V3.5.3_GROUPED_REVENUE_PLUS_CONDITIONAL_COST_REINVESTMENT,BASE,0.6,DEFAULT_SCENARIO_WEIGHT_NOT_EMPIRICAL_PROBABILITY,0.6,PROBABLE,PROBABLE,PASS,4.947518563989792,28.234520734473158,15.248515535030036,15.248515535030036,3.473759281994896,22.78096693422199,6.350703001716201,2.0,27.710843373493976,130.83450550346822,2.6204792256175002,2.6204792256175002,False,10,True,True,100.57644159462988,10.923892479716953,-13.25,10.923892479716953,True,V3.4_FROZEN_REVENUE_NOWCAST,3.4737592819948957,False,False,4.947518563989792,-15.0,20.0,False,False,28.234520734473158,-20.0,50.0,False,False,15.248515535030036,3.0,35.0,False,False,22.78096693422199,-50.0,150.0,False,False,6.350703001716201,3.0,20.0,False,False,2.0,0.0,3.0,False,False
DVN,ep,2026Q1,PRODUCTION_PLUS_REALIZED_PRICE,V3.5.3_GROUPED_REVENUE_PLUS_CONDITIONAL_COST_REINVESTMENT,BULL,0.2,DEFAULT_SCENARIO_WEIGHT_NOT_EMPIRICAL_PROBABILITY,0.2,POSSIBLE,POSSIBLE,PASS,11.625108648892741,37.70490987504891,24.578644886438344,24.578644886438344,7.062554324446371,28.73451468572723,5.350703001716201,2.5,27.710843373493976,130.83450550346822,2.6204792256175002,2.6204792256175002,False,10,True,True,100.57644159462988,10.923892479716953,-13.25,10.923892479716953,True,V3.4_FROZEN_REVENUE_NOWCAST,7.062554324446371,False,False,11.625108648892741,-15.0,20.0,False,False,37.70490987504891,-20.0,50.0,False,False,24.578644886438344,3.5,35.0,False,False,28.73451468572723,-50.0,150.0,False,False,5.350703001716201,3.0,20.0,False,False,2.5,0.0,3.0,False,False
EOG,ep,2026Q1,PRODUCTION_PLUS_REALIZED_PRICE,V3.5.3_GROUPED_REVENUE_PLUS_CONDITIONAL_COST_REINVESTMENT,BEAR,0.2,DEFAULT_SCENARIO_WEIGHT_NOT_EMPIRICAL_PROBABILITY,0.2,PLAUSIBLE,PLAUSIBLE,PASS,0.5794626401459082,12.901410971034489,5.574619459989873,5.574619459989873,0.7897313200729541,14.16655120122565,8.044723728886035,1.0,22.504892367906066,-5.6927275277901455,-1.1158388894369153,-1.1158388894369153,False,20,True,True,31.04924432725671,18.25,-13.25,18.25,True,V3.4_FROZEN_REVENUE_NOWCAST,0.7897313200729542,False,False,0.5794626401459082,-15.0,20.0,False,False,12.901410971034489,-20.0,50.0,False,False,5.574619459989873,2.0,35.0,False,False,14.16655120122565,-50.0,150.0,False,False,8.044723728886035,3.0,20.0,False,False,1.0,0.0,3.0,False,False
EOG,ep,2026Q1,PRODUCTION_PLUS_REALIZED_PRICE,V3.5.3_GROUPED_REVENUE_PLUS_CONDITIONAL_COST_REINVESTMENT,BASE,0.6,DEFAULT_SCENARIO_WEIGHT_NOT_EMPIRICAL_PROBABILITY,0.6,PROBABLE,PROBABLE,PASS,4.100601455470199,32.77769481204113,20.580901119557726,20.580901119557726,3.0503007277350993,14.821026105783305,6.544723728886035,2.0,22.504892367906066,-5.6927275277901455,-1.1158388894369153,-1.1158388894369153,False,20,True,True,31.04924432725671,18.25,-13.25,18.25,True,V3.4_FROZEN_REVENUE_NOWCAST,3.0503007277350993,False,False,4.100601455470199,-15.0,20.0,False,False,32.77769481204113,-20.0,50.0,False,False,20.580901119557726,3.0,35.0,False,False,14.821026105783305,-50.0,150.0,False,False,6.544723728886035,3.0,20.0,False,False,2.0,0.0,3.0,False,False
EOG,ep,2026Q1,PRODUCTION_PLUS_REALIZED_PRICE,V3.5.3_GROUPED_REVENUE_PLUS_CONDITIONAL_COST_REINVESTMENT,BULL,0.2,DEFAULT_SCENARIO_WEIGHT_NOT_EMPIRICAL_PROBABILITY,0.2,POSSIBLE,POSSIBLE,PASS,15.142233946839804,41.27820674792696,30.671852674356515,30.671852674356515,8.821116973419901,28.75964835601495,5.544723728886035,2.5,22.504892367906066,-5.6927275277901455,-1.1158388894369153,-1.1158388894369153,False,20,True,True,31.04924432725671,18.25,-13.25,18.25,True,V3.4_FROZEN_REVENUE_NOWCAST,8.821116973419901,False,False,15.142233946839804,-15.0,20.0,False,False,41.27820674792696,-20.0,50.0,False,False,30.671852674356515,3.5,35.0,False,False,28.75964835601495,-50.0,150.0,False,False,5.544723728886035,3.0,20.0,False,False,2.5,0.0,3.0,False,False
EPD,midstream,2026Q1,VOLUME_PLUS_FEE_PLUS_ADJUSTED_EBITDA,LAG_ADJUSTED_EBITDA_PLUS_VOLUME_FEE_BRIDGE,BEAR,0.2,DEFAULT_SCENARIO_WEIGHT_NOT_EMPIRICAL_PROBABILITY,0.2,POSSIBLE,POSSIBLE,PASS,2.279658076111238,12.391994615918811,8.45549599257866,8.45549599257866,1.639829038055619,19.39364691905581,7.640522159772316,1.0,1.4492753623188406,-21.11815084143211,3.4578198901316526,3.4578198901316526,False,20,True,True,17.483388704318937,11.15,-4.15,11.15,True,MIDSTREAM_LATEST_ADJUSTED_EBITDA_YOY_ANCHOR,1.639829038055619,False,False,2.279658076111238,-5.0,12.0,False,False,12.391994615918811,0.0,40.0,False,False,8.45549599257866,2.0,20.0,False,False,19.39364691905581,-50.0,150.0,False,False,7.640522159772316,3.0,20.0,False,False,1.0,0.0,3.0,False,False
EPD,midstream,2026Q1,VOLUME_PLUS_FEE_PLUS_ADJUSTED_EBITDA,LAG_ADJUSTED_EBITDA_PLUS_VOLUME_FEE_BRIDGE,BASE,0.6,DEFAULT_SCENARIO_WEIGHT_NOT_EMPIRICAL_PROBABILITY,0.6,PLAUSIBLE,PLAUSIBLE,PASS,5.455190972956087,15.396162965137034,10.321728417088226,10.321728417088226,3.7275954864780436,36.11406283764249,6.140522159772316,2.0,1.4492753623188406,-21.11815084143211,3.4578198901316526,3.4578198901316526,False,20,True,True,17.483388704318937,11.15,-4.15,11.15,True,MIDSTREAM_LATEST_ADJUSTED_EBITDA_YOY_ANCHOR,3.7275954864780436,False,False,5.455190972956087,-5.0,12.0,False,False,15.396162965137034,0.0,40.0,False,False,10.321728417088226,3.0,20.0,False,False,36.11406283764249,-50.0,150.0,False,False,6.140522159772316,3.0,20.0,False,False,2.0,0.0,3.0,False,False
EPD,midstream,2026Q1,VOLUME_PLUS_FEE_PLUS_ADJUSTED_EBITDA,LAG_ADJUSTED_EBITDA_PLUS_VOLUME_FEE_BRIDGE,BULL,0.2,DEFAULT_SCENARIO_WEIGHT_NOT_EMPIRICAL_PROBABILITY,0.2,POSSIBLE,POSSIBLE,PASS,12.0,19.84255486431374,11.138671248283323,11.138671248283323,7.25,65.0885535482283,5.140522159772316,2.5,1.4492753623188406,-21.11815084143211,3.4578198901316526,3.4578198901316526,False,20,True,True,17.483388704318937,11.15,-4.15,11.15,True,MIDSTREAM_LATEST_ADJUSTED_EBITDA_YOY_ANCHOR,7.250000000000001,False,False,12.399886495897267,-5.0,12.0,False,True,19.84255486431374,0.0,40.0,False,False,11.138671248283323,3.5,20.0,False,False,65.0885535482283,-50.0,150.0,False,False,5.140522159772316,3.0,20.0,False,False,2.5,0.0,3.0,False,False
EQT,ep,2026Q1,PRODUCTION_PLUS_REALIZED_PRICE,V3.5.3_GROUPED_REVENUE_PLUS_CONDITIONAL_COST_REINVESTMENT,BEAR,0.2,DEFAULT_SCENARIO_WEIGHT_NOT_EMPIRICAL_PROBABILITY,0.2,PROBABLE,PROBABLE,PASS,-15.0,-20.0,2.0,2.0,-7.0,-50.0,8.21496233922278,1.0,21.806266045785147,153.47319364461745,-14.161127648069428,-13.25,True,20,True,False,,,,,False,HISTORICAL_PIT_DISTRIBUTION,-7.0,False,False,-17.447815339564105,-15.0,20.0,True,False,-41.38502517340999,-20.0,50.0,True,False,-10.355245311514459,2.0,35.0,True,False,-350.0,-50.0,150.0,True,False,8.21496233922278,3.0,20.0,False,False,1.0,0.0,3.0,False,False
EQT,ep,2026Q1,PRODUCTION_PLUS_REALIZED_PRICE,V3.5.3_GROUPED_REVENUE_PLUS_CONDITIONAL_COST_REINVESTMENT,BASE,0.6,DEFAULT_SCENARIO_WEIGHT_NOT_EMPIRICAL_PROBABILITY,0.6,PROBABLE,PROBABLE,PASS,-12.129574305530257,18.62872827295765,6.019614264070633,6.019614264070633,-5.0647871527651285,-50.0,6.7149623392227795,2.0,21.806266045785147,153.47319364461745,-14.161127648069428,-13.25,True,20,True,False,,,,,False,HISTORICAL_PIT_DISTRIBUTION,-5.064787152765129,False,False,-12.129574305530257,-15.0,20.0,False,False,18.62872827295765,-20.0,50.0,False,False,6.019614264070633,3.0,35.0,False,False,-84.13806816485575,-50.0,150.0,True,False,6.7149623392227795,3.0,20.0,False,False,2.0,0.0,3.0,False,False
EQT,ep,2026Q1,PRODUCTION_PLUS_REALIZED_PRICE,V3.5.3_GROUPED_REVENUE_PLUS_CONDITIONAL_COST_REINVESTMENT,BULL,0.2,DEFAULT_SCENARIO_WEIGHT_NOT_EMPIRICAL_PROBABILITY,0.2,PLAUSIBLE,PLAUSIBLE,PASS,8.886483970333927,41.5840994652807,18.050817701427675,18.050817701427675,5.693241985166964,31.540078013843516,5.7149623392227795,2.5,21.806266045785147,153.47319364461745,-14.161127648069428,-13.25,True,20,True,False,,,,,False,HISTORICAL_PIT_DISTRIBUTION,5.693241985166964,False,False,8.886483970333927,-15.0,20.0,False,False,41.5840994652807,-20.0,50.0,False,False,18.050817701427675,3.5,35.0,False,False,31.540078013843516,-50.0,150.0,False,False,5.7149623392227795,3.0,20.0,False,False,2.5,0.0,3.0,False,False
ET,midstream,2026Q1,VOLUME_PLUS_FEE_PLUS_ADJUSTED_EBITDA,LAG_ADJUSTED_EBITDA_PLUS_VOLUME_FEE_BRIDGE,BEAR,0.2,DEFAULT_SCENARIO_WEIGHT_NOT_EMPIRICAL_PROBABILITY,0.2,POSSIBLE,POSSIBLE,PASS,4.924739605410002,9.849966349985792,7.075914902097157,7.075914902097157,2.962369802705001,41.865537442048876,8.587428971306306,1.0,6.3950734249171015,1.79189557294001,5.849652205883283,5.849652205883283,False,20,True,True,31.03983445421625,11.15,-4.15,11.15,True,MIDSTREAM_LATEST_ADJUSTED_EBITDA_YOY_ANCHOR,2.962369802705001,False,False,4.924739605410002,-5.0,12.0,False,False,9.849966349985792,0.0,40.0,False,False,7.075914902097157,2.0,20.0,False,False,41.865537442048876,-50.0,150.0,False,False,8.587428971306306,3.0,20.0,False,False,1.0,0.0,3.0,False,False
ET,midstream,2026Q1,VOLUME_PLUS_FEE_PLUS_ADJUSTED_EBITDA,LAG_ADJUSTED_EBITDA_PLUS_VOLUME_FEE_BRIDGE,BASE,0.6,DEFAULT_SCENARIO_WEIGHT_NOT_EMPIRICAL_PROBABILITY,0.6,POSSIBLE,POSSIBLE,PASS,7.112389077441145,13.05679824242517,8.201627340167292,8.201627340167292,4.556194538720573,55.55232333474491,7.087428971306306,2.0,6.3950734249171015,1.79189557294001,5.849652205883283,5.849652205883283,False,20,True,True,31.03983445421625,11.15,-4.15,11.15,True,MIDSTREAM_LATEST_ADJUSTED_EBITDA_YOY_ANCHOR,4.556194538720573,False,False,7.112389077441145,-5.0,12.0,False,False,13.05679824242517,0.0,40.0,False,False,8.201627340167292,3.0,20.0,False,False,55.55232333474491,-50.0,150.0,False,False,7.087428971306306,3.0,20.0,False,False,2.0,0.0,3.0,False,False
ET,midstream,2026Q1,VOLUME_PLUS_FEE_PLUS_ADJUSTED_EBITDA,LAG_ADJUSTED_EBITDA_PLUS_VOLUME_FEE_BRIDGE,BULL,0.2,DEFAULT_SCENARIO_WEIGHT_NOT_EMPIRICAL_PROBABILITY,0.2,POSSIBLE,POSSIBLE,PASS,12.0,16.081680160597344,8.89559300808673,8.89559300808673,7.25,81.50103082963926,6.087428971306306,2.5,6.3950734249171015,1.79189557294001,5.849652205883283,5.849652205883283,False,20,True,True,31.03983445421625,11.15,-4.15,11.15,True,MIDSTREAM_LATEST_ADJUSTED_EBITDA_YOY_ANCHOR,7.25,False,False,12.773730955169285,-5.0,12.0,False,True,16.081680160597344,0.0,40.0,False,False,8.89559300808673,3.5,20.0,False,False,81.50103082963926,-50.0,150.0,False,False,6.087428971306306,3.0,20.0,False,False,2.5,0.0,3.0,False,False
FANG,ep,2026Q1,PRODUCTION_PLUS_REALIZED_PRICE,V3.5.3_GROUPED_REVENUE_PLUS_CONDITIONAL_COST_REINVESTMENT,BEAR,0.2,DEFAULT_SCENARIO_WEIGHT_NOT_EMPIRICAL_PROBABILITY,0.2,PLAUSIBLE,PLAUSIBLE,PASS,10.301626126364706,25.951205845297356,6.178273506721853,6.178273506721853,5.650813063182353,91.46265630737078,7.420453693081896,1.0,18.181818181818183,-170.00529388881588,33.66772734964441,18.25,True,20,True,True,25.393333994347667,18.25,-9.955105318727952,18.25,True,V3.4_FROZEN_REVENUE_NOWCAST,5.650813063182353,False,False,10.301626126364706,-15.0,20.0,False,False,25.951205845297356,-20.0,50.0,False,False,6.178273506721853,2.0,35.0,False,False,91.46265630737078,-50.0,150.0,False,False,7.420453693081896,3.0,20.0,False,False,1.0,0.0,3.0,False,False
FANG,ep,2026Q1,PRODUCTION_PLUS_REALIZED_PRICE,V3.5.3_GROUPED_REVENUE_PLUS_CONDITIONAL_COST_REINVESTMENT,BASE,0.6,DEFAULT_SCENARIO_WEIGHT_NOT_EMPIRICAL_PROBABILITY,0.6,PROBABLE,PROBABLE,PASS,16.513298132646565,46.766288937009925,15.247841184290348,15.247841184290348,9.256649066323282,60.70793205703301,5.920453693081896,2.0,18.181818181818183,-170.00529388881588,33.66772734964441,18.25,True,20,True,True,25.393333994347667,18.25,-9.955105318727952,18.25,True,V3.4_FROZEN_REVENUE_NOWCAST,9.256649066323282,False,False,16.513298132646565,-15.0,20.0,False,False,46.766288937009925,-20.0,50.0,False,False,15.247841184290348,3.0,35.0,False,False,60.70793205703301,-50.0,150.0,False,False,5.920453693081896,3.0,20.0,False,False,2.0,0.0,3.0,False,False
FANG,ep,2026Q1,PRODUCTION_PLUS_REALIZED_PRICE,V3.5.3_GROUPED_REVENUE_PLUS_CONDITIONAL_COST_REINVESTMENT,BULL,0.2,DEFAULT_SCENARIO_WEIGHT_NOT_EMPIRICAL_PROBABILITY,0.2,PLAUSIBLE,PLAUSIBLE,PASS,20.0,50.0,22.954078410784263,22.954078410784263,11.25,49.01089818842187,4.920453693081896,2.5,18.181818181818183,-170.00529388881588,33.66772734964441,18.25,True,20,True,True,25.393333994347667,18.25,-9.955105318727952,18.25,True,V3.4_FROZEN_REVENUE_NOWCAST,11.25,False,False,25.427746473044444,-15.0,20.0,False,True,58.8701851529093,-20.0,50.0,False,True,22.954078410784263,3.5,35.0,False,False,49.01089818842187,-50.0,150.0,False,False,4.920453693081896,3.0,20.0,False,False,2.5,0.0,3.0,False,False
HAL,services,2026Q1,ACTIVITY_PLUS_PRICING_PLUS_OPERATING_MARGIN,STRUCTURAL_REVENUE_PLUS_ACTIVITY_MARGIN_BRIDGE,BEAR,0.2,DEFAULT_SCENARIO_WEIGHT_NOT_EMPIRICAL_PROBABILITY,0.2,POSSIBLE,POSSIBLE,PASS,2.018694150644519,10.534061267317222,10.576478706548373,10.576478706548373,1.5093470753222595,14.270790091864457,8.465965631520497,1.0,18.45342706502636,272.8143888188763,4.650947988639976,4.650947988639976,False,20,True,True,0.2299590597500067,0.2299590597500067,-4.980390752797959,18.25,False,PHASE2_4_SERVICES_SELECTED_RESEARCH_ROUTE,1.5093470753222593,False,False,2.018694150644519,-15.0,20.0,False,False,10.534061267317222,-10.0,30.0,False,False,10.576478706548373,2.0,35.0,False,False,14.270790091864457,-50.0,150.0,False,False,8.465965631520497,3.0,20.0,False,False,1.0,0.0,3.0,False,False
HAL,services,2026Q1,ACTIVITY_PLUS_PRICING_PLUS_OPERATING_MARGIN,STRUCTURAL_REVENUE_PLUS_ACTIVITY_MARGIN_BRIDGE,BASE,0.6,DEFAULT_SCENARIO_WEIGHT_NOT_EMPIRICAL_PROBABILITY,0.6,PROBABLE,PROBABLE,PASS,3.625756986536174,13.29453349252246,14.216627513592615,14.216627513592615,2.8128784932680873,19.785835217098253,6.965965631520496,2.0,18.45342706502636,272.8143888188763,4.650947988639976,4.650947988639976,False,20,True,True,0.2299590597500067,0.2299590597500067,-4.980390752797959,18.25,False,PHASE2_4_SERVICES_SELECTED_RESEARCH_ROUTE,2.8128784932680873,False,False,3.625756986536174,-15.0,20.0,False,False,13.29453349252246,-10.0,30.0,False,False,14.216627513592615,3.0,35.0,False,False,19.785835217098253,-50.0,150.0,False,False,6.965965631520496,3.0,20.0,False,False,2.0,0.0,3.0,False,False
HAL,services,2026Q1,ACTIVITY_PLUS_PRICING_PLUS_OPERATING_MARGIN,STRUCTURAL_REVENUE_PLUS_ACTIVITY_MARGIN_BRIDGE,BULL,0.2,DEFAULT_SCENARIO_WEIGHT_NOT_EMPIRICAL_PROBABILITY,0.2,PLAUSIBLE,PLAUSIBLE,PASS,7.808407795378681,17.280146754216958,20.326622590601414,20.326622590601414,5.1542038976893405,25.356912466474054,5.965965631520496,2.5,18.45342706502636,272.8143888188763,4.650947988639976,4.650947988639976,False,20,True,True,0.2299590597500067,0.2299590597500067,-4.980390752797959,18.25,False,PHASE2_4_SERVICES_SELECTED_RESEARCH_ROUTE,5.154203897689341,False,False,7.808407795378681,-15.0,20.0,False,False,17.280146754216958,-10.0,30.0,False,False,20.326622590601414,3.5,35.0,False,False,25.356912466474054,-50.0,150.0,False,False,5.965965631520496,3.0,20.0,False,False,2.5,0.0,3.0,False,False
KMI,midstream,2026Q1,VOLUME_PLUS_FEE_PLUS_ADJUSTED_EBITDA,LAG_ADJUSTED_EBITDA_PLUS_VOLUME_FEE_BRIDGE,BEAR,0.2,DEFAULT_SCENARIO_WEIGHT_NOT_EMPIRICAL_PROBABILITY,0.2,POSSIBLE,POSSIBLE,PASS,1.9725201837373167,18.374153151607842,4.795536319316616,4.795536319316616,1.4862600918686584,30.992572945010178,7.606857137616917,1.0,22.282608695652172,-171.16439172215627,2.6758900934000684,2.6758900934000684,False,20,True,True,11.51115618661258,11.15,-4.15,11.15,True,MIDSTREAM_LATEST_ADJUSTED_EBITDA_YOY_ANCHOR,1.4862600918686584,False,False,1.9725201837373167,-5.0,12.0,False,False,18.374153151607842,0.0,40.0,False,False,4.795536319316616,2.0,20.0,False,False,30.992572945010178,-50.0,150.0,False,False,7.606857137616917,3.0,20.0,False,False,1.0,0.0,3.0,False,False
KMI,midstream,2026Q1,VOLUME_PLUS_FEE_PLUS_ADJUSTED_EBITDA,LAG_ADJUSTED_EBITDA_PLUS_VOLUME_FEE_BRIDGE,BASE,0.6,DEFAULT_SCENARIO_WEIGHT_NOT_EMPIRICAL_PROBABILITY,0.6,POSSIBLE,POSSIBLE,PASS,4.913425328077775,24.817492447049435,6.010553534390651,6.010553534390651,3.4567126640388874,57.51072083894731,6.106857137616917,2.0,22.282608695652172,-171.16439172215627,2.6758900934000684,2.6758900934000684,False,20,True,True,11.51115618661258,11.15,-4.15,11.15,True,MIDSTREAM_LATEST_ADJUSTED_EBITDA_YOY_ANCHOR,3.456712664038888,False,False,4.913425328077775,-5.0,12.0,False,False,24.817492447049435,0.0,40.0,False,False,6.010553534390651,3.0,20.0,False,False,57.51072083894731,-50.0,150.0,False,False,6.106857137616917,3.0,20.0,False,False,2.0,0.0,3.0,False,False
KMI,midstream,2026Q1,VOLUME_PLUS_FEE_PLUS_ADJUSTED_EBITDA,LAG_ADJUSTED_EBITDA_PLUS_VOLUME_FEE_BRIDGE,BULL,0.2,DEFAULT_SCENARIO_WEIGHT_NOT_EMPIRICAL_PROBABILITY,0.2,POSSIBLE,POSSIBLE,PASS,8.020251582790719,28.00816297143259,6.655865719497752,6.655865719497752,5.260125791395359,79.02992658019376,5.106857137616917,2.5,22.282608695652172,-171.16439172215627,2.6758900934000684,2.6758900934000684,False,20,True,True,11.51115618661258,11.15,-4.15,11.15,True,MIDSTREAM_LATEST_ADJUSTED_EBITDA_YOY_ANCHOR,5.2601257913953585,False,False,8.020251582790719,-5.0,12.0,False,False,28.00816297143259,0.0,40.0,False,False,6.655865719497752,3.5,20.0,False,False,79.02992658019376,-50.0,150.0,False,False,5.106857137616917,3.0,20.0,False,False,2.5,0.0,3.0,False,False
MGY,ep,2026Q1,PRODUCTION_PLUS_REALIZED_PRICE,V3.5.3_GROUPED_REVENUE_PLUS_CONDITIONAL_COST_REINVESTMENT,BEAR,0.2,DEFAULT_SCENARIO_WEIGHT_NOT_EMPIRICAL_PROBABILITY,0.2,POSSIBLE,POSSIBLE,PASS,-5.555707277889327,25.988122975219724,13.49478356745654,13.49478356745654,-2.2778536389446633,-16.879512202313794,8.283254391053909,1.0,17.160132759357236,-40.25014253568694,-0.8319554298391874,-0.8319554298391874,False,18,True,False,,,,,False,HISTORICAL_PIT_DISTRIBUTION,-2.2778536389446633,False,False,-5.555707277889327,-15.0,20.0,False,False,25.988122975219724,-20.0,50.0,False,False,13.49478356745654,2.0,35.0,False,False,-16.879512202313794,-50.0,150.0,False,False,8.283254391053909,3.0,20.0,False,False,1.0,0.0,3.0,False,False
MGY,ep,2026Q1,PRODUCTION_PLUS_REALIZED_PRICE,V3.5.3_GROUPED_REVENUE_PLUS_CONDITIONAL_COST_REINVESTMENT,BASE,0.6,DEFAULT_SCENARIO_WEIGHT_NOT_EMPIRICAL_PROBABILITY,0.6,PROBABLE,PROBABLE,PASS,-0.4455998953782483,41.29734310200564,25.54292009432819,25.54292009432819,0.7772000523108759,3.042722012364801,6.78325439105391,2.0,17.160132759357236,-40.25014253568694,-0.8319554298391874,-0.8319554298391874,False,18,True,False,,,,,False,HISTORICAL_PIT_DISTRIBUTION,0.7772000523108759,False,False,-0.4455998953782483,-15.0,20.0,False,False,41.29734310200564,-20.0,50.0,False,False,25.54292009432819,3.0,35.0,False,False,3.042722012364801,-50.0,150.0,False,False,6.78325439105391,3.0,20.0,False,False,2.0,0.0,3.0,False,False
MGY,ep,2026Q1,PRODUCTION_PLUS_REALIZED_PRICE,V3.5.3_GROUPED_REVENUE_PLUS_CONDITIONAL_COST_REINVESTMENT,BULL,0.2,DEFAULT_SCENARIO_WEIGHT_NOT_EMPIRICAL_PROBABILITY,0.2,PROBABLE,PROBABLE,PASS,14.31068893384303,50.0,35.0,35.0,8.405344466921516,24.015269905490047,5.78325439105391,2.5,17.160132759357236,-40.25014253568694,-0.8319554298391874,-0.8319554298391874,False,18,True,False,,,,,False,HISTORICAL_PIT_DISTRIBUTION,8.405344466921516,False,False,14.31068893384303,-15.0,20.0,False,False,55.52784261086416,-20.0,50.0,False,True,54.10542532973616,3.5,35.0,False,True,24.015269905490047,-50.0,150.0,False,False,5.78325439105391,3.0,20.0,False,False,2.5,0.0,3.0,False,False
MPC,refining,2026Q1,THROUGHPUT_PLUS_REFINING_MARGIN,P2.1_REVENUE_PLUS_THROUGHPUT_CRACK_CAPTURE_BRIDGE,BEAR,0.2,DEFAULT_SCENARIO_WEIGHT_NOT_EMPIRICAL_PROBABILITY,0.2,PLAUSIBLE,PLAUSIBLE,PASS,-0.3095813408377326,3.601462995128255,8.073617589389329,8.073617589389329,0.3452093295811337,4.27577013351266,7.920598044240686,1.0,17.69825918762089,64.71102607690958,-5.094350581962804,-5.094350581962804,False,20,True,True,49.07521341494034,18.25,-13.25,18.25,True,PHASE2_4_REFINING_SELECTED_RESEARCH_ROUTE,0.3452093295811337,False,False,-0.3095813408377326,-15.0,20.0,False,False,3.601462995128255,-10.0,20.0,False,False,8.073617589389329,2.0,35.0,False,False,4.27577013351266,-50.0,150.0,False,False,7.920598044240686,3.0,20.0,False,False,1.0,0.0,3.0,False,False
MPC,refining,2026Q1,THROUGHPUT_PLUS_REFINING_MARGIN,P2.1_REVENUE_PLUS_THROUGHPUT_CRACK_CAPTURE_BRIDGE,BASE,0.6,DEFAULT_SCENARIO_WEIGHT_NOT_EMPIRICAL_PROBABILITY,0.6,PROBABLE,PROBABLE,PASS,0.8236938929741809,6.058791428111415,13.610018212418565,13.610018212418565,1.4118469464870904,10.373586019149041,6.420598044240686,2.0,17.69825918762089,64.71102607690958,-5.094350581962804,-5.094350581962804,False,20,True,True,49.07521341494034,18.25,-13.25,18.25,True,PHASE2_4_REFINING_SELECTED_RESEARCH_ROUTE,1.4118469464870904,False,False,0.8236938929741809,-15.0,20.0,False,False,6.058791428111415,-10.0,20.0,False,False,13.610018212418565,3.0,35.0,False,False,10.373586019149041,-50.0,150.0,False,False,6.420598044240686,3.0,20.0,False,False,2.0,0.0,3.0,False,False
MPC,refining,2026Q1,THROUGHPUT_PLUS_REFINING_MARGIN,P2.1_REVENUE_PLUS_THROUGHPUT_CRACK_CAPTURE_BRIDGE,BULL,0.2,DEFAULT_SCENARIO_WEIGHT_NOT_EMPIRICAL_PROBABILITY,0.2,PLAUSIBLE,PLAUSIBLE,PASS,12.597395804962652,10.245340318015781,25.252881914327794,25.252881914327794,7.548697902481326,29.89242149902266,5.420598044240686,2.5,17.69825918762089,64.71102607690958,-5.094350581962804,-5.094350581962804,False,20,True,True,49.07521341494034,18.25,-13.25,18.25,True,PHASE2_4_REFINING_SELECTED_RESEARCH_ROUTE,7.548697902481326,False,False,12.597395804962652,-15.0,20.0,False,False,10.245340318015781,-10.0,20.0,False,False,25.252881914327794,3.5,35.0,False,False,29.89242149902266,-50.0,150.0,False,False,5.420598044240686,3.0,20.0,False,False,2.5,0.0,3.0,False,False
MTDR,ep,2026Q1,PRODUCTION_PLUS_REALIZED_PRICE,V3.5.3_GROUPED_REVENUE_PLUS_CONDITIONAL_COST_REINVESTMENT,BEAR,0.2,DEFAULT_SCENARIO_WEIGHT_NOT_EMPIRICAL_PROBABILITY,0.2,PLAUSIBLE,PLAUSIBLE,PASS,7.841185782593682,-2.3630719327035807,2.0,2.0,4.420592891296841,150.0,7.745821698485839,1.0,21.0,-86.27770526490663,12.15205483000792,12.15205483000792,False,20,True,False,,,,,False,HISTORICAL_PIT_DISTRIBUTION,4.420592891296841,False,False,7.841185782593682,-15.0,20.0,False,False,-2.3630719327035807,-20.0,50.0,False,False,-0.1778848978540228,2.0,35.0,True,False,221.02964456484204,-50.0,150.0,False,True,7.745821698485839,3.0,20.0,False,False,1.0,0.0,3.0,False,False
MTDR,ep,2026Q1,PRODUCTION_PLUS_REALIZED_PRICE,V3.5.3_GROUPED_REVENUE_PLUS_CONDITIONAL_COST_REINVESTMENT,BASE,0.6,DEFAULT_SCENARIO_WEIGHT_NOT_EMPIRICAL_PROBABILITY,0.6,PROBABLE,PROBABLE,PASS,11.768870097158958,39.59633630670868,22.66710344375829,22.66710344375829,6.884435048579479,30.371922313149398,6.245821698485839,2.0,21.0,-86.27770526490663,12.15205483000792,12.15205483000792,False,20,True,False,,,,,False,HISTORICAL_PIT_DISTRIBUTION,6.884435048579479,False,False,11.768870097158958,-15.0,20.0,False,False,39.59633630670868,-20.0,50.0,False,False,22.66710344375829,3.0,35.0,False,False,30.371922313149398,-50.0,150.0,False,False,6.245821698485839,3.0,20.0,False,False,2.0,0.0,3.0,False,False
MTDR,ep,2026Q1,PRODUCTION_PLUS_REALIZED_PRICE,V3.5.3_GROUPED_REVENUE_PLUS_CONDITIONAL_COST_REINVESTMENT,BULL,0.2,DEFAULT_SCENARIO_WEIGHT_NOT_EMPIRICAL_PROBABILITY,0.2,PLAUSIBLE,PLAUSIBLE,PASS,20.0,49.116055758678094,35.0,35.0,11.25,32.142857142857146,5.245821698485839,2.5,21.0,-86.27770526490663,12.15205483000792,12.15205483000792,False,20,True,False,,,,,False,HISTORICAL_PIT_DISTRIBUTION,11.25,False,False,24.840762131297502,-15.0,20.0,False,True,49.116055758678094,-20.0,50.0,False,False,39.04646591723429,3.5,35.0,False,True,32.142857142857146,-50.0,150.0,False,False,5.245821698485839,3.0,20.0,False,False,2.5,0.0,3.0,False,False
NOG,ep,2026Q1,PRODUCTION_PLUS_REALIZED_PRICE,V3.5.3_GROUPED_REVENUE_PLUS_CONDITIONAL_COST_REINVESTMENT,BEAR,0.2,DEFAULT_SCENARIO_WEIGHT_NOT_EMPIRICAL_PROBABILITY,0.2,PROBABLE,PROBABLE,PASS,5.449476212161528,-20.0,2.0,2.0,3.224738106080764,150.0,8.02484968517377,1.0,21.0,337.6400320722244,12.980183021620462,12.980183021620462,False,20,True,False,,,,,False,HISTORICAL_PIT_DISTRIBUTION,3.224738106080764,False,False,5.449476212161528,-15.0,20.0,False,False,-79.30110007532605,-20.0,50.0,True,False,-21.39954039623961,2.0,35.0,True,False,161.2369053040382,-50.0,150.0,False,True,8.02484968517377,3.0,20.0,False,False,1.0,0.0,3.0,False,False
NOG,ep,2026Q1,PRODUCTION_PLUS_REALIZED_PRICE,V3.5.3_GROUPED_REVENUE_PLUS_CONDITIONAL_COST_REINVESTMENT,BASE,0.6,DEFAULT_SCENARIO_WEIGHT_NOT_EMPIRICAL_PROBABILITY,0.6,PROBABLE,PROBABLE,PASS,12.54967667782221,27.106205283606503,15.178565310250514,15.178565310250514,7.274838338911105,47.928366022829586,6.52484968517377,2.0,21.0,337.6400320722244,12.980183021620462,12.980183021620462,False,20,True,False,,,,,False,HISTORICAL_PIT_DISTRIBUTION,7.274838338911105,False,False,12.54967667782221,-15.0,20.0,False,False,27.106205283606503,-20.0,50.0,False,False,15.178565310250514,3.0,35.0,False,False,47.928366022829586,-50.0,150.0,False,False,6.52484968517377,3.0,20.0,False,False,2.0,0.0,3.0,False,False
NOG,ep,2026Q1,PRODUCTION_PLUS_REALIZED_PRICE,V3.5.3_GROUPED_REVENUE_PLUS_CONDITIONAL_COST_REINVESTMENT,BULL,0.2,DEFAULT_SCENARIO_WEIGHT_NOT_EMPIRICAL_PROBABILITY,0.2,PLAUSIBLE,PLAUSIBLE,PASS,20.0,50.0,35.0,35.0,11.25,32.142857142857146,5.52484968517377,2.5,21.0,337.6400320722244,12.980183021620462,12.980183021620462,False,20,True,False,,,,,False,HISTORICAL_PIT_DISTRIBUTION,11.25,False,False,50.454937386630036,-15.0,20.0,False,True,50.80268250286528,-20.0,50.0,False,True,35.961231399084475,3.5,35.0,False,True,32.142857142857146,-50.0,150.0,False,False,5.52484968517377,3.0,20.0,False,False,2.5,0.0,3.0,False,False
OVV,ep,2026Q1,PRODUCTION_PLUS_REALIZED_PRICE,V3.5.3_GROUPED_REVENUE_PLUS_CONDITIONAL_COST_REINVESTMENT,BEAR,0.2,DEFAULT_SCENARIO_WEIGHT_NOT_EMPIRICAL_PROBABILITY,0.2,PLAUSIBLE,PLAUSIBLE,PASS,-11.014778378116997,7.564601882228131,3.5323139820839713,3.5323139820839713,-5.0073891890584985,-50.0,9.556340874834937,1.0,21.0,-19.95588418554454,-9.266864438867056,-9.266864438867056,False,20,True,False,,,,,False,HISTORICAL_PIT_DISTRIBUTION,-5.007389189058499,False,False,-11.014778378116997,-15.0,20.0,False,False,7.564601882228131,-20.0,50.0,False,False,3.5323139820839713,2.0,35.0,False,False,-141.75945893983842,-50.0,150.0,True,False,9.556340874834937,3.0,20.0,False,False,1.0,0.0,3.0,False,False
OVV,ep,2026Q1,PRODUCTION_PLUS_REALIZED_PRICE,V3.5.3_GROUPED_REVENUE_PLUS_CONDITIONAL_COST_REINVESTMENT,BASE,0.6,DEFAULT_SCENARIO_WEIGHT_NOT_EMPIRICAL_PROBABILITY,0.6,PROBABLE,PROBABLE,PASS,-8.361437580773632,22.898613370054363,12.921181646212649,12.921181646212649,-3.180718790386816,-24.616315113247573,8.056340874834937,2.0,21.0,-19.95588418554454,-9.266864438867056,-9.266864438867056,False,20,True,False,,,,,False,HISTORICAL_PIT_DISTRIBUTION,-3.1807187903868157,False,False,-8.361437580773632,-15.0,20.0,False,False,22.898613370054363,-20.0,50.0,False,False,12.921181646212649,3.0,35.0,False,False,-24.616315113247573,-50.0,150.0,False,False,8.056340874834937,3.0,20.0,False,False,2.0,0.0,3.0,False,False
OVV,ep,2026Q1,PRODUCTION_PLUS_REALIZED_PRICE,V3.5.3_GROUPED_REVENUE_PLUS_CONDITIONAL_COST_REINVESTMENT,BULL,0.2,DEFAULT_SCENARIO_WEIGHT_NOT_EMPIRICAL_PROBABILITY,0.2,POSSIBLE,POSSIBLE,PASS,3.69302497935743,33.016320337917264,26.026278508142823,26.026278508142823,3.096512489678715,11.89763833776662,7.056340874834937,2.5,21.0,-19.95588418554454,-9.266864438867056,-9.266864438867056,False,20,True,False,,,,,False,HISTORICAL_PIT_DISTRIBUTION,3.0965124896787146,False,False,3.69302497935743,-15.0,20.0,False,False,33.016320337917264,-20.0,50.0,False,False,26.026278508142823,3.5,35.0,False,False,11.89763833776662,-50.0,150.0,False,False,7.056340874834937,3.0,20.0,False,False,2.5,0.0,3.0,False,False
PR,ep,2026Q1,PRODUCTION_PLUS_REALIZED_PRICE,V3.5.3_GROUPED_REVENUE_PLUS_CONDITIONAL_COST_REINVESTMENT,BEAR,0.2,DEFAULT_SCENARIO_WEIGHT_NOT_EMPIRICAL_PROBABILITY,0.2,PLAUSIBLE,PLAUSIBLE,PASS,3.765104288034564,-0.706399395901748,2.0,2.0,2.382552144017282,119.1276072008641,8.300062718082774,1.0,21.111458985598,-52.18463671541268,59.90446514010813,18.25,True,20,True,False,,,,,False,HISTORICAL_PIT_DISTRIBUTION,2.382552144017282,False,False,3.765104288034564,-15.0,20.0,False,False,-0.706399395901748,-20.0,50.0,False,False,0.050005900107625956,2.0,35.0,True,False,119.1276072008641,-50.0,150.0,False,False,8.300062718082774,3.0,20.0,False,False,1.0,0.0,3.0,False,False
PR,ep,2026Q1,PRODUCTION_PLUS_REALIZED_PRICE,V3.5.3_GROUPED_REVENUE_PLUS_CONDITIONAL_COST_REINVESTMENT,BASE,0.6,DEFAULT_SCENARIO_WEIGHT_NOT_EMPIRICAL_PROBABILITY,0.6,PROBABLE,PROBABLE,PASS,15.138106106573883,34.32143729725966,11.228157047153477,11.228157047153477,8.569053053286941,76.31753828611916,6.800062718082775,2.0,21.111458985598,-52.18463671541268,59.90446514010813,18.25,True,20,True,False,,,,,False,HISTORICAL_PIT_DISTRIBUTION,8.569053053286941,False,False,15.138106106573883,-15.0,20.0,False,False,34.32143729725966,-20.0,50.0,False,False,11.228157047153477,3.0,35.0,False,False,76.31753828611916,-50.0,150.0,False,False,6.800062718082775,3.0,20.0,False,False,2.0,0.0,3.0,False,False
PR,ep,2026Q1,PRODUCTION_PLUS_REALIZED_PRICE,V3.5.3_GROUPED_REVENUE_PLUS_CONDITIONAL_COST_REINVESTMENT,BULL,0.2,DEFAULT_SCENARIO_WEIGHT_NOT_EMPIRICAL_PROBABILITY,0.2,POSSIBLE,POSSIBLE,PASS,20.0,44.06691845189414,17.443005611687653,17.443005611687653,11.25,64.49576552599375,5.800062718082775,2.5,21.111458985598,-52.18463671541268,59.90446514010813,18.25,True,20,True,False,,,,,False,HISTORICAL_PIT_DISTRIBUTION,11.25,False,False,24.111775104795107,-15.0,20.0,False,True,44.06691845189414,-20.0,50.0,False,False,17.443005611687653,3.5,35.0,False,False,64.49576552599375,-50.0,150.0,False,False,5.800062718082775,3.0,20.0,False,False,2.5,0.0,3.0,False,False
PSX,refining,2026Q1,THROUGHPUT_PLUS_REFINING_MARGIN,P2.1_REVENUE_PLUS_THROUGHPUT_CRACK_CAPTURE_BRIDGE,BEAR,0.2,DEFAULT_SCENARIO_WEIGHT_NOT_EMPIRICAL_PROBABILITY,0.2,PLAUSIBLE,PLAUSIBLE,PASS,1.5402489180592556,2.3102640020013188,5.579419815803645,5.579419815803645,1.2701244590296277,22.76445402857147,8.456782761754535,1.0,15.769230769230768,41.76840871049752,-2.119062419675677,-2.119062419675677,False,20,True,True,55.67752477273085,18.25,-11.620090676458371,18.25,True,PHASE2_4_REFINING_SELECTED_RESEARCH_ROUTE,1.270124459029628,False,False,1.5402489180592556,-15.0,20.0,False,False,2.3102640020013188,-10.0,20.0,False,False,5.579419815803645,2.0,35.0,False,False,22.76445402857147,-50.0,150.0,False,False,8.456782761754535,3.0,20.0,False,False,1.0,0.0,3.0,False,False
PSX,refining,2026Q1,THROUGHPUT_PLUS_REFINING_MARGIN,P2.1_REVENUE_PLUS_THROUGHPUT_CRACK_CAPTURE_BRIDGE,BASE,0.6,DEFAULT_SCENARIO_WEIGHT_NOT_EMPIRICAL_PROBABILITY,0.6,PROBABLE,PROBABLE,PASS,2.8851435482731187,4.823112967044334,11.387449375081452,11.387449375081452,2.4425717741365593,21.449682836628092,6.9567827617545355,2.0,15.769230769230768,41.76840871049752,-2.119062419675677,-2.119062419675677,False,20,True,True,55.67752477273085,18.25,-11.620090676458371,18.25,True,PHASE2_4_REFINING_SELECTED_RESEARCH_ROUTE,2.442571774136559,False,False,2.8851435482731187,-15.0,20.0,False,False,4.823112967044334,-10.0,20.0,False,False,11.387449375081452,3.0,35.0,False,False,21.449682836628092,-50.0,150.0,False,False,6.9567827617545355,3.0,20.0,False,False,2.0,0.0,3.0,False,False
PSX,refining,2026Q1,THROUGHPUT_PLUS_REFINING_MARGIN,P2.1_REVENUE_PLUS_THROUGHPUT_CRACK_CAPTURE_BRIDGE,BULL,0.2,DEFAULT_SCENARIO_WEIGHT_NOT_EMPIRICAL_PROBABILITY,0.2,PLAUSIBLE,PLAUSIBLE,PASS,14.713059649001494,8.059138166509618,22.154731331337786,22.154731331337786,8.606529824500747,38.8473671640822,5.9567827617545355,2.5,15.769230769230768,41.76840871049752,-2.119062419675677,-2.119062419675677,False,20,True,True,55.67752477273085,18.25,-11.620090676458371,18.25,True,PHASE2_4_REFINING_SELECTED_RESEARCH_ROUTE,8.606529824500747,False,False,14.713059649001494,-15.0,20.0,False,False,8.059138166509618,-10.0,20.0,False,False,22.154731331337786,3.5,35.0,False,False,38.8473671640822,-50.0,150.0,False,False,5.9567827617545355,3.0,20.0,False,False,2.5,0.0,3.0,False,False
RRC,ep,2026Q1,PRODUCTION_PLUS_REALIZED_PRICE,V3.5.3_GROUPED_REVENUE_PLUS_CONDITIONAL_COST_REINVESTMENT,BEAR,0.2,DEFAULT_SCENARIO_WEIGHT_NOT_EMPIRICAL_PROBABILITY,0.2,PLAUSIBLE,PLAUSIBLE,PASS,-13.4161772329324,-20.0,2.0,2.0,-6.2080886164662,-50.0,8.61335421238221,1.0,21.130942074655845,519.5397992880156,-8.082438792071633,-8.082438792071633,False,19,True,False,,,,,False,HISTORICAL_PIT_DISTRIBUTION,-6.2080886164662,False,False,-13.4161772329324,-15.0,20.0,False,False,-33.85605707959793,-20.0,50.0,True,False,-9.647141376038851,2.0,35.0,True,False,-310.40443082331,-50.0,150.0,True,False,8.61335421238221,3.0,20.0,False,False,1.0,0.0,3.0,False,False
RRC,ep,2026Q1,PRODUCTION_PLUS_REALIZED_PRICE,V3.5.3_GROUPED_REVENUE_PLUS_CONDITIONAL_COST_REINVESTMENT,BASE,0.6,DEFAULT_SCENARIO_WEIGHT_NOT_EMPIRICAL_PROBABILITY,0.6,PROBABLE,PROBABLE,PASS,-6.943174724937089,30.268185113006247,11.729776689472088,11.729776689472088,-2.4715873624685445,-21.071052142764888,7.113354212382211,2.0,21.130942074655845,519.5397992880156,-8.082438792071633,-8.082438792071633,False,19,True,False,,,,,False,HISTORICAL_PIT_DISTRIBUTION,-2.4715873624685445,False,False,-6.943174724937089,-15.0,20.0,False,False,30.268185113006247,-20.0,50.0,False,False,11.729776689472088,3.0,35.0,False,False,-21.071052142764888,-50.0,150.0,False,False,7.113354212382211,3.0,20.0,False,False,2.0,0.0,3.0,False,False
RRC,ep,2026Q1,PRODUCTION_PLUS_REALIZED_PRICE,V3.5.3_GROUPED_REVENUE_PLUS_CONDITIONAL_COST_REINVESTMENT,BULL,0.2,DEFAULT_SCENARIO_WEIGHT_NOT_EMPIRICAL_PROBABILITY,0.2,PLAUSIBLE,PLAUSIBLE,PASS,2.2855189319117937,43.89335068733031,24.303680847870822,24.303680847870822,2.392759465955897,9.845255461234053,6.113354212382211,2.5,21.130942074655845,519.5397992880156,-8.082438792071633,-8.082438792071633,False,19,True,False,,,,,False,HISTORICAL_PIT_DISTRIBUTION,2.392759465955897,False,False,2.2855189319117937,-15.0,20.0,False,False,43.89335068733031,-20.0,50.0,False,False,24.303680847870822,3.5,35.0,False,False,9.845255461234053,-50.0,150.0,False,False,6.113354212382211,3.0,20.0,False,False,2.5,0.0,3.0,False,False
SLB,services,2026Q1,ACTIVITY_PLUS_PRICING_PLUS_OPERATING_MARGIN,STRUCTURAL_REVENUE_PLUS_ACTIVITY_MARGIN_BRIDGE,BEAR,0.2,DEFAULT_SCENARIO_WEIGHT_NOT_EMPIRICAL_PROBABILITY,0.2,POSSIBLE,POSSIBLE,PASS,6.3826476988752106,13.018897701148012,10.696869761274968,10.696869761274968,3.6913238494376053,34.50844903058476,8.710396704517155,1.0,20.397489539748953,-15.988345917253463,11.579325225183556,11.579325225183556,False,20,True,True,1.4345538212909847,1.4345538212909847,-4.106885897311155,18.25,False,PHASE2_4_SERVICES_SELECTED_RESEARCH_ROUTE,3.6913238494376053,False,False,6.3826476988752106,-15.0,20.0,False,False,13.018897701148012,-10.0,30.0,False,False,10.696869761274968,2.0,35.0,False,False,34.50844903058476,-50.0,150.0,False,False,8.710396704517155,3.0,20.0,False,False,1.0,0.0,3.0,False,False
SLB,services,2026Q1,ACTIVITY_PLUS_PRICING_PLUS_OPERATING_MARGIN,STRUCTURAL_REVENUE_PLUS_ACTIVITY_MARGIN_BRIDGE,BASE,0.6,DEFAULT_SCENARIO_WEIGHT_NOT_EMPIRICAL_PROBABILITY,0.6,PROBABLE,PROBABLE,PASS,8.727281333669472,15.63709896593311,14.384734116103347,14.384734116103347,5.363640666834736,37.28703376470668,7.210396704517156,2.0,20.397489539748953,-15.988345917253463,11.579325225183556,11.579325225183556,False,20,True,True,1.4345538212909847,1.4345538212909847,-4.106885897311155,18.25,False,PHASE2_4_SERVICES_SELECTED_RESEARCH_ROUTE,5.363640666834735,False,False,8.727281333669472,-15.0,20.0,False,False,15.63709896593311,-10.0,30.0,False,False,14.384734116103347,3.0,35.0,False,False,37.28703376470668,-50.0,150.0,False,False,7.210396704517156,3.0,20.0,False,False,2.0,0.0,3.0,False,False
SLB,services,2026Q1,ACTIVITY_PLUS_PRICING_PLUS_OPERATING_MARGIN,STRUCTURAL_REVENUE_PLUS_ACTIVITY_MARGIN_BRIDGE,BULL,0.2,DEFAULT_SCENARIO_WEIGHT_NOT_EMPIRICAL_PROBABILITY,0.2,PLAUSIBLE,PLAUSIBLE,PASS,10.58831630637706,18.611097624938175,17.85844681475308,17.85844681475308,6.54415815318853,36.64460980885707,6.210396704517156,2.5,20.397489539748953,-15.988345917253463,11.579325225183556,11.579325225183556,False,20,True,True,1.4345538212909847,1.4345538212909847,-4.106885897311155,18.25,False,PHASE2_4_SERVICES_SELECTED_RESEARCH_ROUTE,6.54415815318853,False,False,10.58831630637706,-15.0,20.0,False,False,18.611097624938175,-10.0,30.0,False,False,17.85844681475308,3.5,35.0,False,False,36.64460980885707,-50.0,150.0,False,False,6.210396704517156,3.0,20.0,False,False,2.5,0.0,3.0,False,False
SM,ep,2026Q1,PRODUCTION_PLUS_REALIZED_PRICE,V3.5.3_GROUPED_REVENUE_PLUS_CONDITIONAL_COST_REINVESTMENT,BEAR,0.2,DEFAULT_SCENARIO_WEIGHT_NOT_EMPIRICAL_PROBABILITY,0.2,PLAUSIBLE,PLAUSIBLE,PASS,11.185714495696663,12.348585601421005,8.526724981015796,8.526724981015796,6.092857247848332,71.45600756930341,8.191988886738445,1.0,21.0,-29.92059887788516,21.45733558937023,18.25,True,20,True,False,,,,,False,HISTORICAL_PIT_DISTRIBUTION,6.092857247848332,False,False,11.185714495696663,-15.0,20.0,False,False,12.348585601421005,-20.0,50.0,False,False,8.526724981015796,2.0,35.0,False,False,71.45600756930341,-50.0,150.0,False,False,8.191988886738445,3.0,20.0,False,False,1.0,0.0,3.0,False,False
SM,ep,2026Q1,PRODUCTION_PLUS_REALIZED_PRICE,V3.5.3_GROUPED_REVENUE_PLUS_CONDITIONAL_COST_REINVESTMENT,BASE,0.6,DEFAULT_SCENARIO_WEIGHT_NOT_EMPIRICAL_PROBABILITY,0.6,PROBABLE,PROBABLE,PASS,17.33508493804462,36.89338983505117,21.81220528458439,21.81220528458439,9.66754246902231,44.32171045013395,6.691988886738445,2.0,21.0,-29.92059887788516,21.45733558937023,18.25,True,20,True,False,,,,,False,HISTORICAL_PIT_DISTRIBUTION,9.667542469022308,False,False,17.33508493804462,-15.0,20.0,False,False,36.89338983505117,-20.0,50.0,False,False,21.81220528458439,3.0,35.0,False,False,44.32171045013395,-50.0,150.0,False,False,6.691988886738445,3.0,20.0,False,False,2.0,0.0,3.0,False,False
SM,ep,2026Q1,PRODUCTION_PLUS_REALIZED_PRICE,V3.5.3_GROUPED_REVENUE_PLUS_CONDITIONAL_COST_REINVESTMENT,BULL,0.2,DEFAULT_SCENARIO_WEIGHT_NOT_EMPIRICAL_PROBABILITY,0.2,PLAUSIBLE,PLAUSIBLE,PASS,20.0,45.89777486881735,32.575634169942546,32.575634169942546,11.25,34.53501454894268,5.691988886738445,2.5,21.0,-29.92059887788516,21.45733558937023,18.25,True,20,True,False,,,,,False,HISTORICAL_PIT_DISTRIBUTION,11.25,False,False,27.48884643335021,-15.0,20.0,False,True,45.89777486881735,-20.0,50.0,False,False,32.575634169942546,3.5,35.0,False,False,34.53501454894268,-50.0,150.0,False,False,5.691988886738445,3.0,20.0,False,False,2.5,0.0,3.0,False,False
VLO,refining,2026Q1,THROUGHPUT_PLUS_REFINING_MARGIN,P2.1_REVENUE_PLUS_THROUGHPUT_CRACK_CAPTURE_BRIDGE,BEAR,0.2,DEFAULT_SCENARIO_WEIGHT_NOT_EMPIRICAL_PROBABILITY,0.2,PLAUSIBLE,PLAUSIBLE,PASS,-1.2511354508385346,1.6993688388970805,4.395519911131764,4.395519911131764,-0.1255677254192673,-2.8567206600808226,8.742357494886228,1.0,23.2733604178758,2185.6881230276304,-6.5696567652832,-6.5696567652832,False,20,True,True,48.899647380281166,18.25,-12.258368174067055,18.25,True,PHASE2_4_REFINING_SELECTED_RESEARCH_ROUTE,-0.1255677254192673,False,False,-1.2511354508385346,-15.0,20.0,False,False,1.6993688388970805,-10.0,20.0,False,False,4.395519911131764,2.0,35.0,False,False,-2.8567206600808226,-50.0,150.0,False,False,8.742357494886228,3.0,20.0,False,False,1.0,0.0,3.0,False,False
VLO,refining,2026Q1,THROUGHPUT_PLUS_REFINING_MARGIN,P2.1_REVENUE_PLUS_THROUGHPUT_CRACK_CAPTURE_BRIDGE,BASE,0.6,DEFAULT_SCENARIO_WEIGHT_NOT_EMPIRICAL_PROBABILITY,0.6,PROBABLE,PROBABLE,PASS,-0.1984825340406651,4.430792090745537,12.478005151680483,12.478005151680483,0.9007587329796675,7.218771927324916,7.242357494886227,2.0,23.2733604178758,2185.6881230276304,-6.5696567652832,-6.5696567652832,False,20,True,True,48.899647380281166,18.25,-12.258368174067055,18.25,True,PHASE2_4_REFINING_SELECTED_RESEARCH_ROUTE,0.9007587329796675,False,False,-0.1984825340406651,-15.0,20.0,False,False,4.430792090745537,-10.0,20.0,False,False,12.478005151680483,3.0,35.0,False,False,7.218771927324916,-50.0,150.0,False,False,7.242357494886227,3.0,20.0,False,False,2.0,0.0,3.0,False,False
VLO,refining,2026Q1,THROUGHPUT_PLUS_REFINING_MARGIN,P2.1_REVENUE_PLUS_THROUGHPUT_CRACK_CAPTURE_BRIDGE,BULL,0.2,DEFAULT_SCENARIO_WEIGHT_NOT_EMPIRICAL_PROBABILITY,0.2,PLAUSIBLE,PLAUSIBLE,PASS,12.673365968290824,8.497572500292941,32.11635581456296,32.11635581456296,7.586682984145412,23.622490135400977,6.242357494886227,2.5,23.2733604178758,2185.6881230276304,-6.5696567652832,-6.5696567652832,False,20,True,True,48.899647380281166,18.25,-12.258368174067055,18.25,True,PHASE2_4_REFINING_SELECTED_RESEARCH_ROUTE,7.586682984145413,False,False,12.673365968290824,-15.0,20.0,False,False,8.497572500292941,-10.0,20.0,False,False,32.11635581456296,3.5,35.0,False,False,23.622490135400977,-50.0,150.0,False,False,6.242357494886227,3.0,20.0,False,False,2.5,0.0,3.0,False,False
WMB,midstream,2026Q1,VOLUME_PLUS_FEE_PLUS_ADJUSTED_EBITDA,LAG_ADJUSTED_EBITDA_PLUS_VOLUME_FEE_BRIDGE,BEAR,0.2,DEFAULT_SCENARIO_WEIGHT_NOT_EMPIRICAL_PROBABILITY,0.2,POSSIBLE,POSSIBLE,PASS,3.3566598265401377,20.90714051765522,4.9928511702714475,4.9928511702714475,2.178329913270069,43.62897749166513,7.634673098095728,1.0,21.10726643598616,25.06915530813766,5.798919235456756,5.798919235456756,False,20,True,True,6.25,6.25,-4.15,11.15,False,MIDSTREAM_LATEST_ADJUSTED_EBITDA_YOY_ANCHOR,2.178329913270069,False,False,3.3566598265401377,-5.0,12.0,False,False,20.90714051765522,0.0,40.0,False,False,4.9928511702714475,2.0,20.0,False,False,43.62897749166513,-50.0,150.0,False,False,7.634673098095728,3.0,20.0,False,False,1.0,0.0,3.0,False,False
WMB,midstream,2026Q1,VOLUME_PLUS_FEE_PLUS_ADJUSTED_EBITDA,LAG_ADJUSTED_EBITDA_PLUS_VOLUME_FEE_BRIDGE,BASE,0.6,DEFAULT_SCENARIO_WEIGHT_NOT_EMPIRICAL_PROBABILITY,0.6,PROBABLE,PROBABLE,PASS,5.852238376502766,26.336878190587203,6.835840400226502,6.835840400226502,3.926119188251383,57.43433079744362,6.134673098095728,2.0,21.10726643598616,25.06915530813766,5.798919235456756,5.798919235456756,False,20,True,True,6.25,6.25,-4.15,11.15,False,MIDSTREAM_LATEST_ADJUSTED_EBITDA_YOY_ANCHOR,3.9261191882513833,False,False,5.852238376502766,-5.0,12.0,False,False,26.336878190587203,0.0,40.0,False,False,6.835840400226502,3.0,20.0,False,False,57.43433079744362,-50.0,150.0,False,False,6.134673098095728,3.0,20.0,False,False,2.0,0.0,3.0,False,False
WMB,midstream,2026Q1,VOLUME_PLUS_FEE_PLUS_ADJUSTED_EBITDA,LAG_ADJUSTED_EBITDA_PLUS_VOLUME_FEE_BRIDGE,BULL,0.2,DEFAULT_SCENARIO_WEIGHT_NOT_EMPIRICAL_PROBABILITY,0.2,PLAUSIBLE,PLAUSIBLE,PASS,8.961102169610086,34.01403672213361,8.326743699312928,8.326743699312928,5.730551084805043,68.82103366863439,5.134673098095728,2.5,21.10726643598616,25.06915530813766,5.798919235456756,5.798919235456756,False,20,True,True,6.25,6.25,-4.15,11.15,False,MIDSTREAM_LATEST_ADJUSTED_EBITDA_YOY_ANCHOR,5.730551084805042,False,False,8.961102169610086,-5.0,12.0,False,False,34.01403672213361,0.0,40.0,False,False,8.326743699312928,3.5,20.0,False,False,68.82103366863439,-50.0,150.0,False,False,5.134673098095728,3.0,20.0,False,False,2.5,0.0,3.0,False,False
XOM,integrated,2026Q1,SEGMENT_EARNINGS,SEGMENT_EARNINGS_DOWNSTREAM_CANDIDATE_OTHER_BASELINE,BEAR,0.2,DEFAULT_SCENARIO_WEIGHT_NOT_EMPIRICAL_PROBABILITY,0.2,PLAUSIBLE,PLAUSIBLE,PASS,2.287169897284816,11.553858262047745,10.233962587831419,10.233962587831419,1.643584948642408,16.06010315688172,8.163191622589194,1.0,35.0,-85.81049838200038,-7.933895196376994e-06,-7.933895196376994e-06,False,20,True,True,35.177723233510385,13.75,-8.75,13.75,True,PHASE2_4_INTEGRATED_SELECTED_RESEARCH_ROUTE,1.643584948642408,False,False,2.287169897284816,-10.0,15.0,False,False,11.553858262047745,-5.0,30.0,False,False,10.233962587831419,2.0,30.0,False,False,16.06010315688172,-50.0,150.0,False,False,8.163191622589194,3.0,20.0,False,False,1.0,0.0,3.0,False,False
XOM,integrated,2026Q1,SEGMENT_EARNINGS,SEGMENT_EARNINGS_DOWNSTREAM_CANDIDATE_OTHER_BASELINE,BASE,0.6,DEFAULT_SCENARIO_WEIGHT_NOT_EMPIRICAL_PROBABILITY,0.6,PROBABLE,PROBABLE,PASS,3.5041267492890857,14.29580533887938,13.764362164705787,13.764362164705787,2.7520633746445426,19.994122079273026,6.663191622589194,2.0,35.0,-85.81049838200038,-7.933895196376994e-06,-7.933895196376994e-06,False,20,True,True,35.177723233510385,13.75,-8.75,13.75,True,PHASE2_4_INTEGRATED_SELECTED_RESEARCH_ROUTE,2.752063374644542,False,False,3.5041267492890857,-10.0,15.0,False,False,14.29580533887938,-5.0,30.0,False,False,13.764362164705787,3.0,30.0,False,False,19.994122079273026,-50.0,150.0,False,False,6.663191622589194,3.0,20.0,False,False,2.0,0.0,3.0,False,False
XOM,integrated,2026Q1,SEGMENT_EARNINGS,SEGMENT_EARNINGS_DOWNSTREAM_CANDIDATE_OTHER_BASELINE,BULL,0.2,DEFAULT_SCENARIO_WEIGHT_NOT_EMPIRICAL_PROBABILITY,0.2,PLAUSIBLE,PLAUSIBLE,PASS,13.213047275056816,17.58498119219652,21.049837330939255,21.049837330939255,7.856523637528408,37.32344109842984,5.663191622589194,2.5,35.0,-85.81049838200038,-7.933895196376994e-06,-7.933895196376994e-06,False,20,True,True,35.177723233510385,13.75,-8.75,13.75,True,PHASE2_4_INTEGRATED_SELECTED_RESEARCH_ROUTE,7.856523637528409,False,False,13.213047275056816,-10.0,15.0,False,False,17.58498119219652,-5.0,30.0,False,False,21.049837330939255,3.5,30.0,False,False,37.32344109842984,-50.0,150.0,False,False,5.663191622589194,3.0,20.0,False,False,2.5,0.0,3.0,False,False
