risk,allocated_channel,dual_channel_allowed,policy
NORMALIZED_COMMODITY_PRICE,CASH_FLOW_SCENARIO,False,ONE_RISK_ONE_PRIMARY_CHANNEL_UNLESS_EXPLICIT_EMPIRICAL_JUSTIFICATION
PRODUCTION_DECLINE,CASH_FLOW_SCENARIO,False,ONE_RISK_ONE_PRIMARY_CHANNEL_UNLESS_EXPLICIT_EMPIRICAL_JUSTIFICATION
RESERVE_REPLACEMENT_COST,CASH_FLOW_SCENARIO,False,ONE_RISK_ONE_PRIMARY_CHANNEL_UNLESS_EXPLICIT_EMPIRICAL_JUSTIFICATION
OPERATING_TRANSPORT_PRODUCTION_TAX,CASH_FLOW_SCENARIO,False,ONE_RISK_ONE_PRIMARY_CHANNEL_UNLESS_EXPLICIT_EMPIRICAL_JUSTIFICATION
GEOPOLITICAL_OPERATING_DISRUPTION,CASH_FLOW_SCENARIO,False,ONE_RISK_ONE_PRIMARY_CHANNEL_UNLESS_EXPLICIT_EMPIRICAL_JUSTIFICATION
BROAD_MARKET_SYSTEMATIC_RETURN_RISK,WACC,False,ONE_RISK_ONE_PRIMARY_CHANNEL_UNLESS_EXPLICIT_EMPIRICAL_JUSTIFICATION
CAPITAL_STRUCTURE_AND_DEFAULT_RISK,WACC,False,ONE_RISK_ONE_PRIMARY_CHANNEL_UNLESS_EXPLICIT_EMPIRICAL_JUSTIFICATION
EXTREME_UNMODELED_RESIDUAL_UNCERTAINTY,RESIDUAL_SEPARATE_UNAPPLIED,False,ONE_RISK_ONE_PRIMARY_CHANNEL_UNLESS_EXPLICIT_EMPIRICAL_JUSTIFICATION
HORMUZ_PRICE_OR_VOLUME_REGIME,CASH_FLOW_SCENARIO,False,ONE_RISK_ONE_PRIMARY_CHANNEL_UNLESS_EXPLICIT_EMPIRICAL_JUSTIFICATION
