form,period,filing_date,report_date,accession_number,metric,value_usd,available,selected_concept,selected_context_ref,selection_rule,source_url,source_sha256,evidence_layer
10-K,2019Q4,2020-02-13,2019-12-31,0001501585-20-000011,receivables_usd,318000000.0,True,AccountsReceivableNetCurrent,i88f0143507644611bb16596af24b8254_I20191231,HII_CONSOLIDATED_ALIAS_REPORT_DATE_CONTEXT,https://www.sec.gov/Archives/edgar/data/1501585/000150158520000011/hii-20191231.htm,4589650f60e0ff9b1861743c4ceccc9826678b355e8dccf0fbc5f9efa41450a1,FINANCIAL_STATEMENT
10-K,2019Q4,2020-02-13,2019-12-31,0001501585-20-000011,intangibles_ex_goodwill_usd,492000000.0,True,FiniteLivedIntangibleAssetsNet,i88f0143507644611bb16596af24b8254_I20191231,HII_CONSOLIDATED_ALIAS_REPORT_DATE_CONTEXT,https://www.sec.gov/Archives/edgar/data/1501585/000150158520000011/hii-20191231.htm,4589650f60e0ff9b1861743c4ceccc9826678b355e8dccf0fbc5f9efa41450a1,FINANCIAL_STATEMENT
10-K,2019Q4,2020-02-13,2019-12-31,0001501585-20-000011,debt_current_usd,,False,,,HII_CONSOLIDATED_ALIAS_REPORT_DATE_CONTEXT,https://www.sec.gov/Archives/edgar/data/1501585/000150158520000011/hii-20191231.htm,4589650f60e0ff9b1861743c4ceccc9826678b355e8dccf0fbc5f9efa41450a1,FINANCIAL_STATEMENT
10-K,2019Q4,2020-02-13,2019-12-31,0001501585-20-000011,debt_noncurrent_usd,1286000000.0,True,LongTermDebtNoncurrent,i88f0143507644611bb16596af24b8254_I20191231,HII_CONSOLIDATED_ALIAS_REPORT_DATE_CONTEXT,https://www.sec.gov/Archives/edgar/data/1501585/000150158520000011/hii-20191231.htm,4589650f60e0ff9b1861743c4ceccc9826678b355e8dccf0fbc5f9efa41450a1,FINANCIAL_STATEMENT
10-K,2019Q4,2020-02-13,2019-12-31,0001501585-20-000011,contract_liabilities_usd,373000000.0,True,BillingsInExcessOfCostCurrent,i88f0143507644611bb16596af24b8254_I20191231,HII_CONSOLIDATED_ALIAS_REPORT_DATE_CONTEXT,https://www.sec.gov/Archives/edgar/data/1501585/000150158520000011/hii-20191231.htm,4589650f60e0ff9b1861743c4ceccc9826678b355e8dccf0fbc5f9efa41450a1,NOTE
10-K,2019Q4,2020-02-13,2019-12-31,0001501585-20-000011,fas_cas_pension_adjustment_usd,,False,,,HII_CONSOLIDATED_ALIAS_REPORT_DATE_CONTEXT,https://www.sec.gov/Archives/edgar/data/1501585/000150158520000011/hii-20191231.htm,4589650f60e0ff9b1861743c4ceccc9826678b355e8dccf0fbc5f9efa41450a1,NOTE
10-K,2019Q4,2020-02-13,2019-12-31,0001501585-20-000011,program_gains_losses_usd,,False,,,HII_CONSOLIDATED_ALIAS_REPORT_DATE_CONTEXT,https://www.sec.gov/Archives/edgar/data/1501585/000150158520000011/hii-20191231.htm,4589650f60e0ff9b1861743c4ceccc9826678b355e8dccf0fbc5f9efa41450a1,NOTE
10-Q,2020Q1,2020-05-07,2020-03-31,0001501585-20-000019,receivables_usd,418000000.0,True,AccountsReceivableNetCurrent,i7358f11747f64266af61968c7393c4fc_I20200331,HII_CONSOLIDATED_ALIAS_REPORT_DATE_CONTEXT,https://www.sec.gov/Archives/edgar/data/1501585/000150158520000019/hii-20200331.htm,5357376f593d4530980fd68f1bc38d743217dc7eb582daed4dc93c1b37144fe9,FINANCIAL_STATEMENT
10-Q,2020Q1,2020-05-07,2020-03-31,0001501585-20-000019,intangibles_ex_goodwill_usd,481000000.0,True,FiniteLivedIntangibleAssetsNet,i7358f11747f64266af61968c7393c4fc_I20200331,HII_CONSOLIDATED_ALIAS_REPORT_DATE_CONTEXT,https://www.sec.gov/Archives/edgar/data/1501585/000150158520000019/hii-20200331.htm,5357376f593d4530980fd68f1bc38d743217dc7eb582daed4dc93c1b37144fe9,FINANCIAL_STATEMENT
10-Q,2020Q1,2020-05-07,2020-03-31,0001501585-20-000019,debt_current_usd,,False,,,HII_CONSOLIDATED_ALIAS_REPORT_DATE_CONTEXT,https://www.sec.gov/Archives/edgar/data/1501585/000150158520000019/hii-20200331.htm,5357376f593d4530980fd68f1bc38d743217dc7eb582daed4dc93c1b37144fe9,FINANCIAL_STATEMENT
10-Q,2020Q1,2020-05-07,2020-03-31,0001501585-20-000019,debt_noncurrent_usd,1667000000.0,True,LongTermDebtNoncurrent,i7358f11747f64266af61968c7393c4fc_I20200331,HII_CONSOLIDATED_ALIAS_REPORT_DATE_CONTEXT,https://www.sec.gov/Archives/edgar/data/1501585/000150158520000019/hii-20200331.htm,5357376f593d4530980fd68f1bc38d743217dc7eb582daed4dc93c1b37144fe9,FINANCIAL_STATEMENT
10-Q,2020Q1,2020-05-07,2020-03-31,0001501585-20-000019,contract_liabilities_usd,387000000.0,True,ContractWithCustomerLiabilityCurrent,i7358f11747f64266af61968c7393c4fc_I20200331,HII_CONSOLIDATED_ALIAS_REPORT_DATE_CONTEXT,https://www.sec.gov/Archives/edgar/data/1501585/000150158520000019/hii-20200331.htm,5357376f593d4530980fd68f1bc38d743217dc7eb582daed4dc93c1b37144fe9,NOTE
10-Q,2020Q1,2020-05-07,2020-03-31,0001501585-20-000019,fas_cas_pension_adjustment_usd,,False,,,HII_CONSOLIDATED_ALIAS_REPORT_DATE_CONTEXT,https://www.sec.gov/Archives/edgar/data/1501585/000150158520000019/hii-20200331.htm,5357376f593d4530980fd68f1bc38d743217dc7eb582daed4dc93c1b37144fe9,NOTE
10-Q,2020Q1,2020-05-07,2020-03-31,0001501585-20-000019,program_gains_losses_usd,,False,,,HII_CONSOLIDATED_ALIAS_REPORT_DATE_CONTEXT,https://www.sec.gov/Archives/edgar/data/1501585/000150158520000019/hii-20200331.htm,5357376f593d4530980fd68f1bc38d743217dc7eb582daed4dc93c1b37144fe9,NOTE
10-Q,2020Q2,2020-08-06,2020-06-30,0001501585-20-000035,receivables_usd,494000000.0,True,AccountsReceivableNetCurrent,i242b491145af47bb8bd5b1e82def2736_I20200630,HII_CONSOLIDATED_ALIAS_REPORT_DATE_CONTEXT,https://www.sec.gov/Archives/edgar/data/1501585/000150158520000035/hii-20200630.htm,26a8cd1c0cf3300e699c7c5aec8b35d587671db4883c895183b3014d2f1616a8,FINANCIAL_STATEMENT
10-Q,2020Q2,2020-08-06,2020-06-30,0001501585-20-000035,intangibles_ex_goodwill_usd,542000000.0,True,FiniteLivedIntangibleAssetsNet,i242b491145af47bb8bd5b1e82def2736_I20200630,HII_CONSOLIDATED_ALIAS_REPORT_DATE_CONTEXT,https://www.sec.gov/Archives/edgar/data/1501585/000150158520000035/hii-20200630.htm,26a8cd1c0cf3300e699c7c5aec8b35d587671db4883c895183b3014d2f1616a8,FINANCIAL_STATEMENT
10-Q,2020Q2,2020-08-06,2020-06-30,0001501585-20-000035,debt_current_usd,,False,,,HII_CONSOLIDATED_ALIAS_REPORT_DATE_CONTEXT,https://www.sec.gov/Archives/edgar/data/1501585/000150158520000035/hii-20200630.htm,26a8cd1c0cf3300e699c7c5aec8b35d587671db4883c895183b3014d2f1616a8,FINANCIAL_STATEMENT
10-Q,2020Q2,2020-08-06,2020-06-30,0001501585-20-000035,debt_noncurrent_usd,2276000000.0,True,LongTermDebtNoncurrent,i242b491145af47bb8bd5b1e82def2736_I20200630,HII_CONSOLIDATED_ALIAS_REPORT_DATE_CONTEXT,https://www.sec.gov/Archives/edgar/data/1501585/000150158520000035/hii-20200630.htm,26a8cd1c0cf3300e699c7c5aec8b35d587671db4883c895183b3014d2f1616a8,FINANCIAL_STATEMENT
10-Q,2020Q2,2020-08-06,2020-06-30,0001501585-20-000035,contract_liabilities_usd,573000000.0,True,ContractWithCustomerLiabilityCurrent,i242b491145af47bb8bd5b1e82def2736_I20200630,HII_CONSOLIDATED_ALIAS_REPORT_DATE_CONTEXT,https://www.sec.gov/Archives/edgar/data/1501585/000150158520000035/hii-20200630.htm,26a8cd1c0cf3300e699c7c5aec8b35d587671db4883c895183b3014d2f1616a8,NOTE
10-Q,2020Q2,2020-08-06,2020-06-30,0001501585-20-000035,fas_cas_pension_adjustment_usd,,False,,,HII_CONSOLIDATED_ALIAS_REPORT_DATE_CONTEXT,https://www.sec.gov/Archives/edgar/data/1501585/000150158520000035/hii-20200630.htm,26a8cd1c0cf3300e699c7c5aec8b35d587671db4883c895183b3014d2f1616a8,NOTE
10-Q,2020Q2,2020-08-06,2020-06-30,0001501585-20-000035,program_gains_losses_usd,,False,,,HII_CONSOLIDATED_ALIAS_REPORT_DATE_CONTEXT,https://www.sec.gov/Archives/edgar/data/1501585/000150158520000035/hii-20200630.htm,26a8cd1c0cf3300e699c7c5aec8b35d587671db4883c895183b3014d2f1616a8,NOTE
10-Q,2020Q3,2020-11-05,2020-09-30,0001501585-20-000042,receivables_usd,492000000.0,True,AccountsReceivableNetCurrent,i45270b2868024eea913be455fb509cb4_I20200930,HII_CONSOLIDATED_ALIAS_REPORT_DATE_CONTEXT,https://www.sec.gov/Archives/edgar/data/1501585/000150158520000042/hii-20200930.htm,99ba70d2164893b5aed993a656ad04f02c99efffe2ef1e13b93a0c2e376431ec,FINANCIAL_STATEMENT
10-Q,2020Q3,2020-11-05,2020-09-30,0001501585-20-000042,intangibles_ex_goodwill_usd,527000000.0,True,FiniteLivedIntangibleAssetsNet,i45270b2868024eea913be455fb509cb4_I20200930,HII_CONSOLIDATED_ALIAS_REPORT_DATE_CONTEXT,https://www.sec.gov/Archives/edgar/data/1501585/000150158520000042/hii-20200930.htm,99ba70d2164893b5aed993a656ad04f02c99efffe2ef1e13b93a0c2e376431ec,FINANCIAL_STATEMENT
10-Q,2020Q3,2020-11-05,2020-09-30,0001501585-20-000042,debt_current_usd,,False,,,HII_CONSOLIDATED_ALIAS_REPORT_DATE_CONTEXT,https://www.sec.gov/Archives/edgar/data/1501585/000150158520000042/hii-20200930.htm,99ba70d2164893b5aed993a656ad04f02c99efffe2ef1e13b93a0c2e376431ec,FINANCIAL_STATEMENT
10-Q,2020Q3,2020-11-05,2020-09-30,0001501585-20-000042,debt_noncurrent_usd,2278000000.0,True,LongTermDebtNoncurrent,i45270b2868024eea913be455fb509cb4_I20200930,HII_CONSOLIDATED_ALIAS_REPORT_DATE_CONTEXT,https://www.sec.gov/Archives/edgar/data/1501585/000150158520000042/hii-20200930.htm,99ba70d2164893b5aed993a656ad04f02c99efffe2ef1e13b93a0c2e376431ec,FINANCIAL_STATEMENT
10-Q,2020Q3,2020-11-05,2020-09-30,0001501585-20-000042,contract_liabilities_usd,604000000.0,True,ContractWithCustomerLiabilityCurrent,i45270b2868024eea913be455fb509cb4_I20200930,HII_CONSOLIDATED_ALIAS_REPORT_DATE_CONTEXT,https://www.sec.gov/Archives/edgar/data/1501585/000150158520000042/hii-20200930.htm,99ba70d2164893b5aed993a656ad04f02c99efffe2ef1e13b93a0c2e376431ec,NOTE
10-Q,2020Q3,2020-11-05,2020-09-30,0001501585-20-000042,fas_cas_pension_adjustment_usd,,False,,,HII_CONSOLIDATED_ALIAS_REPORT_DATE_CONTEXT,https://www.sec.gov/Archives/edgar/data/1501585/000150158520000042/hii-20200930.htm,99ba70d2164893b5aed993a656ad04f02c99efffe2ef1e13b93a0c2e376431ec,NOTE
10-Q,2020Q3,2020-11-05,2020-09-30,0001501585-20-000042,program_gains_losses_usd,,False,,,HII_CONSOLIDATED_ALIAS_REPORT_DATE_CONTEXT,https://www.sec.gov/Archives/edgar/data/1501585/000150158520000042/hii-20200930.htm,99ba70d2164893b5aed993a656ad04f02c99efffe2ef1e13b93a0c2e376431ec,NOTE
10-K,2020Q4,2021-02-11,2020-12-31,0001501585-21-000008,receivables_usd,397000000.0,True,AccountsReceivableNetCurrent,i64658d716cbd44c5a3ea0e016b2561a6_I20201231,HII_CONSOLIDATED_ALIAS_REPORT_DATE_CONTEXT,https://www.sec.gov/Archives/edgar/data/1501585/000150158521000008/hii-20201231.htm,c36fb47b2ccff954dee7a6dea7f83b6d16bced0de0451ba8b50c964590a018c8,FINANCIAL_STATEMENT
10-K,2020Q4,2021-02-11,2020-12-31,0001501585-21-000008,intangibles_ex_goodwill_usd,512000000.0,True,FiniteLivedIntangibleAssetsNet,i64658d716cbd44c5a3ea0e016b2561a6_I20201231,HII_CONSOLIDATED_ALIAS_REPORT_DATE_CONTEXT,https://www.sec.gov/Archives/edgar/data/1501585/000150158521000008/hii-20201231.htm,c36fb47b2ccff954dee7a6dea7f83b6d16bced0de0451ba8b50c964590a018c8,FINANCIAL_STATEMENT
10-K,2020Q4,2021-02-11,2020-12-31,0001501585-21-000008,debt_current_usd,,False,,,HII_CONSOLIDATED_ALIAS_REPORT_DATE_CONTEXT,https://www.sec.gov/Archives/edgar/data/1501585/000150158521000008/hii-20201231.htm,c36fb47b2ccff954dee7a6dea7f83b6d16bced0de0451ba8b50c964590a018c8,FINANCIAL_STATEMENT
10-K,2020Q4,2021-02-11,2020-12-31,0001501585-21-000008,debt_noncurrent_usd,1686000000.0,True,LongTermDebtNoncurrent,i64658d716cbd44c5a3ea0e016b2561a6_I20201231,HII_CONSOLIDATED_ALIAS_REPORT_DATE_CONTEXT,https://www.sec.gov/Archives/edgar/data/1501585/000150158521000008/hii-20201231.htm,c36fb47b2ccff954dee7a6dea7f83b6d16bced0de0451ba8b50c964590a018c8,FINANCIAL_STATEMENT
10-K,2020Q4,2021-02-11,2020-12-31,0001501585-21-000008,contract_liabilities_usd,585000000.0,True,BillingsInExcessOfCostCurrent,i64658d716cbd44c5a3ea0e016b2561a6_I20201231,HII_CONSOLIDATED_ALIAS_REPORT_DATE_CONTEXT,https://www.sec.gov/Archives/edgar/data/1501585/000150158521000008/hii-20201231.htm,c36fb47b2ccff954dee7a6dea7f83b6d16bced0de0451ba8b50c964590a018c8,NOTE
10-K,2020Q4,2021-02-11,2020-12-31,0001501585-21-000008,fas_cas_pension_adjustment_usd,,False,,,HII_CONSOLIDATED_ALIAS_REPORT_DATE_CONTEXT,https://www.sec.gov/Archives/edgar/data/1501585/000150158521000008/hii-20201231.htm,c36fb47b2ccff954dee7a6dea7f83b6d16bced0de0451ba8b50c964590a018c8,NOTE
10-K,2020Q4,2021-02-11,2020-12-31,0001501585-21-000008,program_gains_losses_usd,,False,,,HII_CONSOLIDATED_ALIAS_REPORT_DATE_CONTEXT,https://www.sec.gov/Archives/edgar/data/1501585/000150158521000008/hii-20201231.htm,c36fb47b2ccff954dee7a6dea7f83b6d16bced0de0451ba8b50c964590a018c8,NOTE
10-Q,2021Q1,2021-05-06,2021-03-31,0001501585-21-000018,receivables_usd,407000000.0,True,AccountsReceivableNetCurrent,ic0ba7b51b2914d0ab18a1b17569f879b_I20210331,HII_CONSOLIDATED_ALIAS_REPORT_DATE_CONTEXT,https://www.sec.gov/Archives/edgar/data/1501585/000150158521000018/hii-20210331.htm,d214a14aa150b01157d383205dc3c2564c50833b33db3ce5d7f1629c4785fdc1,FINANCIAL_STATEMENT
10-Q,2021Q1,2021-05-06,2021-03-31,0001501585-21-000018,intangibles_ex_goodwill_usd,512000000.0,True,FiniteLivedIntangibleAssetsNet,ic0ba7b51b2914d0ab18a1b17569f879b_I20210331,HII_CONSOLIDATED_ALIAS_REPORT_DATE_CONTEXT,https://www.sec.gov/Archives/edgar/data/1501585/000150158521000018/hii-20210331.htm,d214a14aa150b01157d383205dc3c2564c50833b33db3ce5d7f1629c4785fdc1,FINANCIAL_STATEMENT
10-Q,2021Q1,2021-05-06,2021-03-31,0001501585-21-000018,debt_current_usd,,False,,,HII_CONSOLIDATED_ALIAS_REPORT_DATE_CONTEXT,https://www.sec.gov/Archives/edgar/data/1501585/000150158521000018/hii-20210331.htm,d214a14aa150b01157d383205dc3c2564c50833b33db3ce5d7f1629c4785fdc1,FINANCIAL_STATEMENT
10-Q,2021Q1,2021-05-06,2021-03-31,0001501585-21-000018,debt_noncurrent_usd,1688000000.0,True,LongTermDebtNoncurrent,ic0ba7b51b2914d0ab18a1b17569f879b_I20210331,HII_CONSOLIDATED_ALIAS_REPORT_DATE_CONTEXT,https://www.sec.gov/Archives/edgar/data/1501585/000150158521000018/hii-20210331.htm,d214a14aa150b01157d383205dc3c2564c50833b33db3ce5d7f1629c4785fdc1,FINANCIAL_STATEMENT
10-Q,2021Q1,2021-05-06,2021-03-31,0001501585-21-000018,contract_liabilities_usd,700000000.0,True,ContractWithCustomerLiabilityCurrent,ic0ba7b51b2914d0ab18a1b17569f879b_I20210331,HII_CONSOLIDATED_ALIAS_REPORT_DATE_CONTEXT,https://www.sec.gov/Archives/edgar/data/1501585/000150158521000018/hii-20210331.htm,d214a14aa150b01157d383205dc3c2564c50833b33db3ce5d7f1629c4785fdc1,NOTE
10-Q,2021Q1,2021-05-06,2021-03-31,0001501585-21-000018,fas_cas_pension_adjustment_usd,,False,,,HII_CONSOLIDATED_ALIAS_REPORT_DATE_CONTEXT,https://www.sec.gov/Archives/edgar/data/1501585/000150158521000018/hii-20210331.htm,d214a14aa150b01157d383205dc3c2564c50833b33db3ce5d7f1629c4785fdc1,NOTE
10-Q,2021Q1,2021-05-06,2021-03-31,0001501585-21-000018,program_gains_losses_usd,,False,,,HII_CONSOLIDATED_ALIAS_REPORT_DATE_CONTEXT,https://www.sec.gov/Archives/edgar/data/1501585/000150158521000018/hii-20210331.htm,d214a14aa150b01157d383205dc3c2564c50833b33db3ce5d7f1629c4785fdc1,NOTE
10-Q,2021Q2,2021-08-05,2021-06-30,0001501585-21-000029,receivables_usd,443000000.0,True,AccountsReceivableNetCurrent,ieab01adce1314df2b8c9bb52b372a918_I20210630,HII_CONSOLIDATED_ALIAS_REPORT_DATE_CONTEXT,https://www.sec.gov/Archives/edgar/data/1501585/000150158521000029/hii-20210630.htm,ca03ac808581a53939e1004e5252217d4f8d7d1a6a792fd6a021aa4d79f90e7a,FINANCIAL_STATEMENT
10-Q,2021Q2,2021-08-05,2021-06-30,0001501585-21-000029,intangibles_ex_goodwill_usd,499000000.0,True,FiniteLivedIntangibleAssetsNet,ieab01adce1314df2b8c9bb52b372a918_I20210630,HII_CONSOLIDATED_ALIAS_REPORT_DATE_CONTEXT,https://www.sec.gov/Archives/edgar/data/1501585/000150158521000029/hii-20210630.htm,ca03ac808581a53939e1004e5252217d4f8d7d1a6a792fd6a021aa4d79f90e7a,FINANCIAL_STATEMENT
10-Q,2021Q2,2021-08-05,2021-06-30,0001501585-21-000029,debt_current_usd,,False,,,HII_CONSOLIDATED_ALIAS_REPORT_DATE_CONTEXT,https://www.sec.gov/Archives/edgar/data/1501585/000150158521000029/hii-20210630.htm,ca03ac808581a53939e1004e5252217d4f8d7d1a6a792fd6a021aa4d79f90e7a,FINANCIAL_STATEMENT
10-Q,2021Q2,2021-08-05,2021-06-30,0001501585-21-000029,debt_noncurrent_usd,1689000000.0,True,LongTermDebtNoncurrent,ieab01adce1314df2b8c9bb52b372a918_I20210630,HII_CONSOLIDATED_ALIAS_REPORT_DATE_CONTEXT,https://www.sec.gov/Archives/edgar/data/1501585/000150158521000029/hii-20210630.htm,ca03ac808581a53939e1004e5252217d4f8d7d1a6a792fd6a021aa4d79f90e7a,FINANCIAL_STATEMENT
10-Q,2021Q2,2021-08-05,2021-06-30,0001501585-21-000029,contract_liabilities_usd,660000000.0,True,ContractWithCustomerLiabilityCurrent,ieab01adce1314df2b8c9bb52b372a918_I20210630,HII_CONSOLIDATED_ALIAS_REPORT_DATE_CONTEXT,https://www.sec.gov/Archives/edgar/data/1501585/000150158521000029/hii-20210630.htm,ca03ac808581a53939e1004e5252217d4f8d7d1a6a792fd6a021aa4d79f90e7a,NOTE
10-Q,2021Q2,2021-08-05,2021-06-30,0001501585-21-000029,fas_cas_pension_adjustment_usd,,False,,,HII_CONSOLIDATED_ALIAS_REPORT_DATE_CONTEXT,https://www.sec.gov/Archives/edgar/data/1501585/000150158521000029/hii-20210630.htm,ca03ac808581a53939e1004e5252217d4f8d7d1a6a792fd6a021aa4d79f90e7a,NOTE
10-Q,2021Q2,2021-08-05,2021-06-30,0001501585-21-000029,program_gains_losses_usd,,False,,,HII_CONSOLIDATED_ALIAS_REPORT_DATE_CONTEXT,https://www.sec.gov/Archives/edgar/data/1501585/000150158521000029/hii-20210630.htm,ca03ac808581a53939e1004e5252217d4f8d7d1a6a792fd6a021aa4d79f90e7a,NOTE
10-Q,2021Q3,2021-11-04,2021-09-30,0001501585-21-000036,receivables_usd,446000000.0,True,AccountsReceivableNetCurrent,ifaace755861848aab47e0acb36dc72c6_I20210930,HII_CONSOLIDATED_ALIAS_REPORT_DATE_CONTEXT,https://www.sec.gov/Archives/edgar/data/1501585/000150158521000036/hii-20210930.htm,29ff7b69ce5c53055d5b4167ea0e8ee828fb375fd0986e47579d87d5dfc330c1,FINANCIAL_STATEMENT
10-Q,2021Q3,2021-11-04,2021-09-30,0001501585-21-000036,intangibles_ex_goodwill_usd,1187000000.0,True,FiniteLivedIntangibleAssetsNet,ifaace755861848aab47e0acb36dc72c6_I20210930,HII_CONSOLIDATED_ALIAS_REPORT_DATE_CONTEXT,https://www.sec.gov/Archives/edgar/data/1501585/000150158521000036/hii-20210930.htm,29ff7b69ce5c53055d5b4167ea0e8ee828fb375fd0986e47579d87d5dfc330c1,FINANCIAL_STATEMENT
10-Q,2021Q3,2021-11-04,2021-09-30,0001501585-21-000036,debt_current_usd,,False,,,HII_CONSOLIDATED_ALIAS_REPORT_DATE_CONTEXT,https://www.sec.gov/Archives/edgar/data/1501585/000150158521000036/hii-20210930.htm,29ff7b69ce5c53055d5b4167ea0e8ee828fb375fd0986e47579d87d5dfc330c1,FINANCIAL_STATEMENT
10-Q,2021Q3,2021-11-04,2021-09-30,0001501585-21-000036,debt_noncurrent_usd,3321000000.0,True,LongTermDebtNoncurrent,ifaace755861848aab47e0acb36dc72c6_I20210930,HII_CONSOLIDATED_ALIAS_REPORT_DATE_CONTEXT,https://www.sec.gov/Archives/edgar/data/1501585/000150158521000036/hii-20210930.htm,29ff7b69ce5c53055d5b4167ea0e8ee828fb375fd0986e47579d87d5dfc330c1,FINANCIAL_STATEMENT
10-Q,2021Q3,2021-11-04,2021-09-30,0001501585-21-000036,contract_liabilities_usd,674000000.0,True,ContractWithCustomerLiabilityCurrent,ifaace755861848aab47e0acb36dc72c6_I20210930,HII_CONSOLIDATED_ALIAS_REPORT_DATE_CONTEXT,https://www.sec.gov/Archives/edgar/data/1501585/000150158521000036/hii-20210930.htm,29ff7b69ce5c53055d5b4167ea0e8ee828fb375fd0986e47579d87d5dfc330c1,NOTE
10-Q,2021Q3,2021-11-04,2021-09-30,0001501585-21-000036,fas_cas_pension_adjustment_usd,,False,,,HII_CONSOLIDATED_ALIAS_REPORT_DATE_CONTEXT,https://www.sec.gov/Archives/edgar/data/1501585/000150158521000036/hii-20210930.htm,29ff7b69ce5c53055d5b4167ea0e8ee828fb375fd0986e47579d87d5dfc330c1,NOTE
10-Q,2021Q3,2021-11-04,2021-09-30,0001501585-21-000036,program_gains_losses_usd,,False,,,HII_CONSOLIDATED_ALIAS_REPORT_DATE_CONTEXT,https://www.sec.gov/Archives/edgar/data/1501585/000150158521000036/hii-20210930.htm,29ff7b69ce5c53055d5b4167ea0e8ee828fb375fd0986e47579d87d5dfc330c1,NOTE
10-K,2021Q4,2022-02-10,2021-12-31,0001501585-22-000007,receivables_usd,433000000.0,True,AccountsReceivableNetCurrent,i484a7b82751e42f7a1e9bcceaa5f9d09_I20211231,HII_CONSOLIDATED_ALIAS_REPORT_DATE_CONTEXT,https://www.sec.gov/Archives/edgar/data/1501585/000150158522000007/hii-20211231.htm,044bbc3f603b93031cf93d2d5b0c79964518807a8b543e9897e74767e666a693,FINANCIAL_STATEMENT
10-K,2021Q4,2022-02-10,2021-12-31,0001501585-22-000007,intangibles_ex_goodwill_usd,1159000000.0,True,FiniteLivedIntangibleAssetsNet,i484a7b82751e42f7a1e9bcceaa5f9d09_I20211231,HII_CONSOLIDATED_ALIAS_REPORT_DATE_CONTEXT,https://www.sec.gov/Archives/edgar/data/1501585/000150158522000007/hii-20211231.htm,044bbc3f603b93031cf93d2d5b0c79964518807a8b543e9897e74767e666a693,FINANCIAL_STATEMENT
10-K,2021Q4,2022-02-10,2021-12-31,0001501585-22-000007,debt_current_usd,,False,,,HII_CONSOLIDATED_ALIAS_REPORT_DATE_CONTEXT,https://www.sec.gov/Archives/edgar/data/1501585/000150158522000007/hii-20211231.htm,044bbc3f603b93031cf93d2d5b0c79964518807a8b543e9897e74767e666a693,FINANCIAL_STATEMENT
10-K,2021Q4,2022-02-10,2021-12-31,0001501585-22-000007,debt_noncurrent_usd,3298000000.0,True,LongTermDebtNoncurrent,i484a7b82751e42f7a1e9bcceaa5f9d09_I20211231,HII_CONSOLIDATED_ALIAS_REPORT_DATE_CONTEXT,https://www.sec.gov/Archives/edgar/data/1501585/000150158522000007/hii-20211231.htm,044bbc3f603b93031cf93d2d5b0c79964518807a8b543e9897e74767e666a693,FINANCIAL_STATEMENT
10-K,2021Q4,2022-02-10,2021-12-31,0001501585-22-000007,contract_liabilities_usd,651000000.0,True,BillingsInExcessOfCostCurrent,i484a7b82751e42f7a1e9bcceaa5f9d09_I20211231,HII_CONSOLIDATED_ALIAS_REPORT_DATE_CONTEXT,https://www.sec.gov/Archives/edgar/data/1501585/000150158522000007/hii-20211231.htm,044bbc3f603b93031cf93d2d5b0c79964518807a8b543e9897e74767e666a693,NOTE
10-K,2021Q4,2022-02-10,2021-12-31,0001501585-22-000007,fas_cas_pension_adjustment_usd,,False,,,HII_CONSOLIDATED_ALIAS_REPORT_DATE_CONTEXT,https://www.sec.gov/Archives/edgar/data/1501585/000150158522000007/hii-20211231.htm,044bbc3f603b93031cf93d2d5b0c79964518807a8b543e9897e74767e666a693,NOTE
10-K,2021Q4,2022-02-10,2021-12-31,0001501585-22-000007,program_gains_losses_usd,,False,,,HII_CONSOLIDATED_ALIAS_REPORT_DATE_CONTEXT,https://www.sec.gov/Archives/edgar/data/1501585/000150158522000007/hii-20211231.htm,044bbc3f603b93031cf93d2d5b0c79964518807a8b543e9897e74767e666a693,NOTE
10-Q,2022Q1,2022-05-05,2022-03-31,0001501585-22-000013,receivables_usd,671000000.0,True,AccountsReceivableNetCurrent,i7179186e4030407fbf4fa2cf2dc2a70c_I20220331,HII_CONSOLIDATED_ALIAS_REPORT_DATE_CONTEXT,https://www.sec.gov/Archives/edgar/data/1501585/000150158522000013/hii-20220331.htm,96a62a56e1834c7bb671cad2d29f436e668ae020b3abe4064a2b666789b79cce,FINANCIAL_STATEMENT
10-Q,2022Q1,2022-05-05,2022-03-31,0001501585-22-000013,intangibles_ex_goodwill_usd,1124000000.0,True,FiniteLivedIntangibleAssetsNet,i7179186e4030407fbf4fa2cf2dc2a70c_I20220331,HII_CONSOLIDATED_ALIAS_REPORT_DATE_CONTEXT,https://www.sec.gov/Archives/edgar/data/1501585/000150158522000013/hii-20220331.htm,96a62a56e1834c7bb671cad2d29f436e668ae020b3abe4064a2b666789b79cce,FINANCIAL_STATEMENT
10-Q,2022Q1,2022-05-05,2022-03-31,0001501585-22-000013,debt_current_usd,,False,,,HII_CONSOLIDATED_ALIAS_REPORT_DATE_CONTEXT,https://www.sec.gov/Archives/edgar/data/1501585/000150158522000013/hii-20220331.htm,96a62a56e1834c7bb671cad2d29f436e668ae020b3abe4064a2b666789b79cce,FINANCIAL_STATEMENT
10-Q,2022Q1,2022-05-05,2022-03-31,0001501585-22-000013,debt_noncurrent_usd,3200000000.0,True,LongTermDebtNoncurrent,i7179186e4030407fbf4fa2cf2dc2a70c_I20220331,HII_CONSOLIDATED_ALIAS_REPORT_DATE_CONTEXT,https://www.sec.gov/Archives/edgar/data/1501585/000150158522000013/hii-20220331.htm,96a62a56e1834c7bb671cad2d29f436e668ae020b3abe4064a2b666789b79cce,FINANCIAL_STATEMENT
10-Q,2022Q1,2022-05-05,2022-03-31,0001501585-22-000013,contract_liabilities_usd,685000000.0,True,ContractWithCustomerLiabilityCurrent,i7179186e4030407fbf4fa2cf2dc2a70c_I20220331,HII_CONSOLIDATED_ALIAS_REPORT_DATE_CONTEXT,https://www.sec.gov/Archives/edgar/data/1501585/000150158522000013/hii-20220331.htm,96a62a56e1834c7bb671cad2d29f436e668ae020b3abe4064a2b666789b79cce,NOTE
10-Q,2022Q1,2022-05-05,2022-03-31,0001501585-22-000013,fas_cas_pension_adjustment_usd,,False,,,HII_CONSOLIDATED_ALIAS_REPORT_DATE_CONTEXT,https://www.sec.gov/Archives/edgar/data/1501585/000150158522000013/hii-20220331.htm,96a62a56e1834c7bb671cad2d29f436e668ae020b3abe4064a2b666789b79cce,NOTE
10-Q,2022Q1,2022-05-05,2022-03-31,0001501585-22-000013,program_gains_losses_usd,,False,,,HII_CONSOLIDATED_ALIAS_REPORT_DATE_CONTEXT,https://www.sec.gov/Archives/edgar/data/1501585/000150158522000013/hii-20220331.htm,96a62a56e1834c7bb671cad2d29f436e668ae020b3abe4064a2b666789b79cce,NOTE
10-Q,2022Q2,2022-08-04,2022-06-30,0001501585-22-000026,receivables_usd,681000000.0,True,AccountsReceivableNetCurrent,i384a897e89fa4a619aab2187072aeade_I20220630,HII_CONSOLIDATED_ALIAS_REPORT_DATE_CONTEXT,https://www.sec.gov/Archives/edgar/data/1501585/000150158522000026/hii-20220630.htm,6b4376c95b627882e6a1b1a4637b62f7c8ea430d28acce8f2e0e82c4d5b781b6,FINANCIAL_STATEMENT
10-Q,2022Q2,2022-08-04,2022-06-30,0001501585-22-000026,intangibles_ex_goodwill_usd,1089000000.0,True,FiniteLivedIntangibleAssetsNet,i384a897e89fa4a619aab2187072aeade_I20220630,HII_CONSOLIDATED_ALIAS_REPORT_DATE_CONTEXT,https://www.sec.gov/Archives/edgar/data/1501585/000150158522000026/hii-20220630.htm,6b4376c95b627882e6a1b1a4637b62f7c8ea430d28acce8f2e0e82c4d5b781b6,FINANCIAL_STATEMENT
10-Q,2022Q2,2022-08-04,2022-06-30,0001501585-22-000026,debt_current_usd,,False,,,HII_CONSOLIDATED_ALIAS_REPORT_DATE_CONTEXT,https://www.sec.gov/Archives/edgar/data/1501585/000150158522000026/hii-20220630.htm,6b4376c95b627882e6a1b1a4637b62f7c8ea430d28acce8f2e0e82c4d5b781b6,FINANCIAL_STATEMENT
10-Q,2022Q2,2022-08-04,2022-06-30,0001501585-22-000026,debt_noncurrent_usd,3102000000.0,True,LongTermDebtNoncurrent,i384a897e89fa4a619aab2187072aeade_I20220630,HII_CONSOLIDATED_ALIAS_REPORT_DATE_CONTEXT,https://www.sec.gov/Archives/edgar/data/1501585/000150158522000026/hii-20220630.htm,6b4376c95b627882e6a1b1a4637b62f7c8ea430d28acce8f2e0e82c4d5b781b6,FINANCIAL_STATEMENT
10-Q,2022Q2,2022-08-04,2022-06-30,0001501585-22-000026,contract_liabilities_usd,757000000.0,True,ContractWithCustomerLiabilityCurrent,i384a897e89fa4a619aab2187072aeade_I20220630,HII_CONSOLIDATED_ALIAS_REPORT_DATE_CONTEXT,https://www.sec.gov/Archives/edgar/data/1501585/000150158522000026/hii-20220630.htm,6b4376c95b627882e6a1b1a4637b62f7c8ea430d28acce8f2e0e82c4d5b781b6,NOTE
10-Q,2022Q2,2022-08-04,2022-06-30,0001501585-22-000026,fas_cas_pension_adjustment_usd,,False,,,HII_CONSOLIDATED_ALIAS_REPORT_DATE_CONTEXT,https://www.sec.gov/Archives/edgar/data/1501585/000150158522000026/hii-20220630.htm,6b4376c95b627882e6a1b1a4637b62f7c8ea430d28acce8f2e0e82c4d5b781b6,NOTE
10-Q,2022Q2,2022-08-04,2022-06-30,0001501585-22-000026,program_gains_losses_usd,,False,,,HII_CONSOLIDATED_ALIAS_REPORT_DATE_CONTEXT,https://www.sec.gov/Archives/edgar/data/1501585/000150158522000026/hii-20220630.htm,6b4376c95b627882e6a1b1a4637b62f7c8ea430d28acce8f2e0e82c4d5b781b6,NOTE
10-Q,2022Q3,2022-11-03,2022-09-30,0001501585-22-000034,receivables_usd,721000000.0,True,AccountsReceivableNetCurrent,ie1002b0bd2954319b04832d95363547d_I20220930,HII_CONSOLIDATED_ALIAS_REPORT_DATE_CONTEXT,https://www.sec.gov/Archives/edgar/data/1501585/000150158522000034/hii-20220930.htm,57998b25458f3a20d8ab189f4d1d7fc62bf7ae7299f006de9dae780a4081f114,FINANCIAL_STATEMENT
10-Q,2022Q3,2022-11-03,2022-09-30,0001501585-22-000034,intangibles_ex_goodwill_usd,1054000000.0,True,FiniteLivedIntangibleAssetsNet,ie1002b0bd2954319b04832d95363547d_I20220930,HII_CONSOLIDATED_ALIAS_REPORT_DATE_CONTEXT,https://www.sec.gov/Archives/edgar/data/1501585/000150158522000034/hii-20220930.htm,57998b25458f3a20d8ab189f4d1d7fc62bf7ae7299f006de9dae780a4081f114,FINANCIAL_STATEMENT
10-Q,2022Q3,2022-11-03,2022-09-30,0001501585-22-000034,debt_current_usd,399000000.0,True,LongTermDebtCurrent,ie1002b0bd2954319b04832d95363547d_I20220930,HII_CONSOLIDATED_ALIAS_REPORT_DATE_CONTEXT,https://www.sec.gov/Archives/edgar/data/1501585/000150158522000034/hii-20220930.htm,57998b25458f3a20d8ab189f4d1d7fc62bf7ae7299f006de9dae780a4081f114,FINANCIAL_STATEMENT
10-Q,2022Q3,2022-11-03,2022-09-30,0001501585-22-000034,debt_noncurrent_usd,2605000000.0,True,LongTermDebtNoncurrent,ie1002b0bd2954319b04832d95363547d_I20220930,HII_CONSOLIDATED_ALIAS_REPORT_DATE_CONTEXT,https://www.sec.gov/Archives/edgar/data/1501585/000150158522000034/hii-20220930.htm,57998b25458f3a20d8ab189f4d1d7fc62bf7ae7299f006de9dae780a4081f114,FINANCIAL_STATEMENT
10-Q,2022Q3,2022-11-03,2022-09-30,0001501585-22-000034,contract_liabilities_usd,768000000.0,True,ContractWithCustomerLiabilityCurrent,ie1002b0bd2954319b04832d95363547d_I20220930,HII_CONSOLIDATED_ALIAS_REPORT_DATE_CONTEXT,https://www.sec.gov/Archives/edgar/data/1501585/000150158522000034/hii-20220930.htm,57998b25458f3a20d8ab189f4d1d7fc62bf7ae7299f006de9dae780a4081f114,NOTE
10-Q,2022Q3,2022-11-03,2022-09-30,0001501585-22-000034,fas_cas_pension_adjustment_usd,,False,,,HII_CONSOLIDATED_ALIAS_REPORT_DATE_CONTEXT,https://www.sec.gov/Archives/edgar/data/1501585/000150158522000034/hii-20220930.htm,57998b25458f3a20d8ab189f4d1d7fc62bf7ae7299f006de9dae780a4081f114,NOTE
10-Q,2022Q3,2022-11-03,2022-09-30,0001501585-22-000034,program_gains_losses_usd,,False,,,HII_CONSOLIDATED_ALIAS_REPORT_DATE_CONTEXT,https://www.sec.gov/Archives/edgar/data/1501585/000150158522000034/hii-20220930.htm,57998b25458f3a20d8ab189f4d1d7fc62bf7ae7299f006de9dae780a4081f114,NOTE
10-K,2022Q4,2023-02-09,2022-12-31,0001501585-23-000010,receivables_usd,636000000.0,True,AccountsReceivableNetCurrent,i4f068b02c746496f8f86f05608fd8085_I20221231,HII_CONSOLIDATED_ALIAS_REPORT_DATE_CONTEXT,https://www.sec.gov/Archives/edgar/data/1501585/000150158523000010/hii-20221231.htm,cfcc6f7fd5211d6d8f36fcd6ed2a9b9a8d27927356fe1913e9b42f534685bf8e,FINANCIAL_STATEMENT
10-K,2022Q4,2023-02-09,2022-12-31,0001501585-23-000010,intangibles_ex_goodwill_usd,1019000000.0,True,FiniteLivedIntangibleAssetsNet,i4f068b02c746496f8f86f05608fd8085_I20221231,HII_CONSOLIDATED_ALIAS_REPORT_DATE_CONTEXT,https://www.sec.gov/Archives/edgar/data/1501585/000150158523000010/hii-20221231.htm,cfcc6f7fd5211d6d8f36fcd6ed2a9b9a8d27927356fe1913e9b42f534685bf8e,FINANCIAL_STATEMENT
10-K,2022Q4,2023-02-09,2022-12-31,0001501585-23-000010,debt_current_usd,399000000.0,True,LongTermDebtCurrent,i4f068b02c746496f8f86f05608fd8085_I20221231,HII_CONSOLIDATED_ALIAS_REPORT_DATE_CONTEXT,https://www.sec.gov/Archives/edgar/data/1501585/000150158523000010/hii-20221231.htm,cfcc6f7fd5211d6d8f36fcd6ed2a9b9a8d27927356fe1913e9b42f534685bf8e,FINANCIAL_STATEMENT
10-K,2022Q4,2023-02-09,2022-12-31,0001501585-23-000010,debt_noncurrent_usd,2506000000.0,True,LongTermDebtNoncurrent,i4f068b02c746496f8f86f05608fd8085_I20221231,HII_CONSOLIDATED_ALIAS_REPORT_DATE_CONTEXT,https://www.sec.gov/Archives/edgar/data/1501585/000150158523000010/hii-20221231.htm,cfcc6f7fd5211d6d8f36fcd6ed2a9b9a8d27927356fe1913e9b42f534685bf8e,FINANCIAL_STATEMENT
10-K,2022Q4,2023-02-09,2022-12-31,0001501585-23-000010,contract_liabilities_usd,766000000.0,True,ContractWithCustomerLiabilityCurrent,i4f068b02c746496f8f86f05608fd8085_I20221231,HII_CONSOLIDATED_ALIAS_REPORT_DATE_CONTEXT,https://www.sec.gov/Archives/edgar/data/1501585/000150158523000010/hii-20221231.htm,cfcc6f7fd5211d6d8f36fcd6ed2a9b9a8d27927356fe1913e9b42f534685bf8e,NOTE
10-K,2022Q4,2023-02-09,2022-12-31,0001501585-23-000010,fas_cas_pension_adjustment_usd,,False,,,HII_CONSOLIDATED_ALIAS_REPORT_DATE_CONTEXT,https://www.sec.gov/Archives/edgar/data/1501585/000150158523000010/hii-20221231.htm,cfcc6f7fd5211d6d8f36fcd6ed2a9b9a8d27927356fe1913e9b42f534685bf8e,NOTE
10-K,2022Q4,2023-02-09,2022-12-31,0001501585-23-000010,program_gains_losses_usd,,False,,,HII_CONSOLIDATED_ALIAS_REPORT_DATE_CONTEXT,https://www.sec.gov/Archives/edgar/data/1501585/000150158523000010/hii-20221231.htm,cfcc6f7fd5211d6d8f36fcd6ed2a9b9a8d27927356fe1913e9b42f534685bf8e,NOTE
10-Q,2023Q1,2023-05-04,2023-03-31,0001501585-23-000016,receivables_usd,755000000.0,True,AccountsReceivableNetCurrent,ifb0ddd2dd2e940a78abf79616943e3c0_I20230331,HII_CONSOLIDATED_ALIAS_REPORT_DATE_CONTEXT,https://www.sec.gov/Archives/edgar/data/1501585/000150158523000016/hii-20230331.htm,7677040d91a50e08f5092f2204c472ddc90d8ad7f1bdb3eca371625d64954a79,FINANCIAL_STATEMENT
10-Q,2023Q1,2023-05-04,2023-03-31,0001501585-23-000016,intangibles_ex_goodwill_usd,987000000.0,True,FiniteLivedIntangibleAssetsNet,ifb0ddd2dd2e940a78abf79616943e3c0_I20230331,HII_CONSOLIDATED_ALIAS_REPORT_DATE_CONTEXT,https://www.sec.gov/Archives/edgar/data/1501585/000150158523000016/hii-20230331.htm,7677040d91a50e08f5092f2204c472ddc90d8ad7f1bdb3eca371625d64954a79,FINANCIAL_STATEMENT
10-Q,2023Q1,2023-05-04,2023-03-31,0001501585-23-000016,debt_current_usd,399000000.0,True,LongTermDebtCurrent,ifb0ddd2dd2e940a78abf79616943e3c0_I20230331,HII_CONSOLIDATED_ALIAS_REPORT_DATE_CONTEXT,https://www.sec.gov/Archives/edgar/data/1501585/000150158523000016/hii-20230331.htm,7677040d91a50e08f5092f2204c472ddc90d8ad7f1bdb3eca371625d64954a79,FINANCIAL_STATEMENT
10-Q,2023Q1,2023-05-04,2023-03-31,0001501585-23-000016,debt_noncurrent_usd,2498000000.0,True,LongTermDebtNoncurrent,ifb0ddd2dd2e940a78abf79616943e3c0_I20230331,HII_CONSOLIDATED_ALIAS_REPORT_DATE_CONTEXT,https://www.sec.gov/Archives/edgar/data/1501585/000150158523000016/hii-20230331.htm,7677040d91a50e08f5092f2204c472ddc90d8ad7f1bdb3eca371625d64954a79,FINANCIAL_STATEMENT
10-Q,2023Q1,2023-05-04,2023-03-31,0001501585-23-000016,contract_liabilities_usd,810000000.0,True,ContractWithCustomerLiabilityCurrent,ifb0ddd2dd2e940a78abf79616943e3c0_I20230331,HII_CONSOLIDATED_ALIAS_REPORT_DATE_CONTEXT,https://www.sec.gov/Archives/edgar/data/1501585/000150158523000016/hii-20230331.htm,7677040d91a50e08f5092f2204c472ddc90d8ad7f1bdb3eca371625d64954a79,NOTE
10-Q,2023Q1,2023-05-04,2023-03-31,0001501585-23-000016,fas_cas_pension_adjustment_usd,,False,,,HII_CONSOLIDATED_ALIAS_REPORT_DATE_CONTEXT,https://www.sec.gov/Archives/edgar/data/1501585/000150158523000016/hii-20230331.htm,7677040d91a50e08f5092f2204c472ddc90d8ad7f1bdb3eca371625d64954a79,NOTE
10-Q,2023Q1,2023-05-04,2023-03-31,0001501585-23-000016,program_gains_losses_usd,,False,,,HII_CONSOLIDATED_ALIAS_REPORT_DATE_CONTEXT,https://www.sec.gov/Archives/edgar/data/1501585/000150158523000016/hii-20230331.htm,7677040d91a50e08f5092f2204c472ddc90d8ad7f1bdb3eca371625d64954a79,NOTE
10-Q,2023Q2,2023-08-03,2023-06-30,0001501585-23-000026,receivables_usd,786000000.0,True,AccountsReceivableNetCurrent,c-14,HII_CONSOLIDATED_ALIAS_REPORT_DATE_CONTEXT,https://www.sec.gov/Archives/edgar/data/1501585/000150158523000026/hii-20230630.htm,240c989517686f107b5ebdb4e8faab041462605487b47ef2d93bb505ef3201e3,FINANCIAL_STATEMENT
10-Q,2023Q2,2023-08-03,2023-06-30,0001501585-23-000026,intangibles_ex_goodwill_usd,955000000.0,True,FiniteLivedIntangibleAssetsNet,c-14,HII_CONSOLIDATED_ALIAS_REPORT_DATE_CONTEXT,https://www.sec.gov/Archives/edgar/data/1501585/000150158523000026/hii-20230630.htm,240c989517686f107b5ebdb4e8faab041462605487b47ef2d93bb505ef3201e3,FINANCIAL_STATEMENT
10-Q,2023Q2,2023-08-03,2023-06-30,0001501585-23-000026,debt_current_usd,484000000.0,True,LongTermDebtCurrent,c-14,HII_CONSOLIDATED_ALIAS_REPORT_DATE_CONTEXT,https://www.sec.gov/Archives/edgar/data/1501585/000150158523000026/hii-20230630.htm,240c989517686f107b5ebdb4e8faab041462605487b47ef2d93bb505ef3201e3,FINANCIAL_STATEMENT
10-Q,2023Q2,2023-08-03,2023-06-30,0001501585-23-000026,debt_noncurrent_usd,2396000000.0,True,LongTermDebtNoncurrent,c-14,HII_CONSOLIDATED_ALIAS_REPORT_DATE_CONTEXT,https://www.sec.gov/Archives/edgar/data/1501585/000150158523000026/hii-20230630.htm,240c989517686f107b5ebdb4e8faab041462605487b47ef2d93bb505ef3201e3,FINANCIAL_STATEMENT
10-Q,2023Q2,2023-08-03,2023-06-30,0001501585-23-000026,contract_liabilities_usd,833000000.0,True,ContractWithCustomerLiabilityCurrent,c-14,HII_CONSOLIDATED_ALIAS_REPORT_DATE_CONTEXT,https://www.sec.gov/Archives/edgar/data/1501585/000150158523000026/hii-20230630.htm,240c989517686f107b5ebdb4e8faab041462605487b47ef2d93bb505ef3201e3,NOTE
10-Q,2023Q2,2023-08-03,2023-06-30,0001501585-23-000026,fas_cas_pension_adjustment_usd,,False,,,HII_CONSOLIDATED_ALIAS_REPORT_DATE_CONTEXT,https://www.sec.gov/Archives/edgar/data/1501585/000150158523000026/hii-20230630.htm,240c989517686f107b5ebdb4e8faab041462605487b47ef2d93bb505ef3201e3,NOTE
10-Q,2023Q2,2023-08-03,2023-06-30,0001501585-23-000026,program_gains_losses_usd,,False,,,HII_CONSOLIDATED_ALIAS_REPORT_DATE_CONTEXT,https://www.sec.gov/Archives/edgar/data/1501585/000150158523000026/hii-20230630.htm,240c989517686f107b5ebdb4e8faab041462605487b47ef2d93bb505ef3201e3,NOTE
10-Q,2023Q3,2023-11-02,2023-09-30,0001501585-23-000033,receivables_usd,698000000.0,True,AccountsReceivableNetCurrent,c-14,HII_CONSOLIDATED_ALIAS_REPORT_DATE_CONTEXT,https://www.sec.gov/Archives/edgar/data/1501585/000150158523000033/hii-20230930.htm,a978dd437797961c49f196e72ddcadbe80d8301e189d7eabf45e54dceab92f1e,FINANCIAL_STATEMENT
10-Q,2023Q3,2023-11-02,2023-09-30,0001501585-23-000033,intangibles_ex_goodwill_usd,923000000.0,True,FiniteLivedIntangibleAssetsNet,c-14,HII_CONSOLIDATED_ALIAS_REPORT_DATE_CONTEXT,https://www.sec.gov/Archives/edgar/data/1501585/000150158523000033/hii-20230930.htm,a978dd437797961c49f196e72ddcadbe80d8301e189d7eabf45e54dceab92f1e,FINANCIAL_STATEMENT
10-Q,2023Q3,2023-11-02,2023-09-30,0001501585-23-000033,debt_current_usd,255000000.0,True,LongTermDebtCurrent,c-14,HII_CONSOLIDATED_ALIAS_REPORT_DATE_CONTEXT,https://www.sec.gov/Archives/edgar/data/1501585/000150158523000033/hii-20230930.htm,a978dd437797961c49f196e72ddcadbe80d8301e189d7eabf45e54dceab92f1e,FINANCIAL_STATEMENT
10-Q,2023Q3,2023-11-02,2023-09-30,0001501585-23-000033,debt_noncurrent_usd,2213000000.0,True,LongTermDebtNoncurrent,c-14,HII_CONSOLIDATED_ALIAS_REPORT_DATE_CONTEXT,https://www.sec.gov/Archives/edgar/data/1501585/000150158523000033/hii-20230930.htm,a978dd437797961c49f196e72ddcadbe80d8301e189d7eabf45e54dceab92f1e,FINANCIAL_STATEMENT
10-Q,2023Q3,2023-11-02,2023-09-30,0001501585-23-000033,contract_liabilities_usd,878000000.0,True,ContractWithCustomerLiabilityCurrent,c-14,HII_CONSOLIDATED_ALIAS_REPORT_DATE_CONTEXT,https://www.sec.gov/Archives/edgar/data/1501585/000150158523000033/hii-20230930.htm,a978dd437797961c49f196e72ddcadbe80d8301e189d7eabf45e54dceab92f1e,NOTE
10-Q,2023Q3,2023-11-02,2023-09-30,0001501585-23-000033,fas_cas_pension_adjustment_usd,,False,,,HII_CONSOLIDATED_ALIAS_REPORT_DATE_CONTEXT,https://www.sec.gov/Archives/edgar/data/1501585/000150158523000033/hii-20230930.htm,a978dd437797961c49f196e72ddcadbe80d8301e189d7eabf45e54dceab92f1e,NOTE
10-Q,2023Q3,2023-11-02,2023-09-30,0001501585-23-000033,program_gains_losses_usd,,False,,,HII_CONSOLIDATED_ALIAS_REPORT_DATE_CONTEXT,https://www.sec.gov/Archives/edgar/data/1501585/000150158523000033/hii-20230930.htm,a978dd437797961c49f196e72ddcadbe80d8301e189d7eabf45e54dceab92f1e,NOTE
10-K,2023Q4,2024-02-01,2023-12-31,0001501585-24-000007,receivables_usd,461000000.0,True,AccountsReceivableNetCurrent,c-5,HII_CONSOLIDATED_ALIAS_REPORT_DATE_CONTEXT,https://www.sec.gov/Archives/edgar/data/1501585/000150158524000007/hii-20231231.htm,0b3d953af66e8986f467784154cf686e260e45e7a548fc9f7d2ee216d54c771b,FINANCIAL_STATEMENT
10-K,2023Q4,2024-02-01,2023-12-31,0001501585-24-000007,intangibles_ex_goodwill_usd,891000000.0,True,FiniteLivedIntangibleAssetsNet,c-5,HII_CONSOLIDATED_ALIAS_REPORT_DATE_CONTEXT,https://www.sec.gov/Archives/edgar/data/1501585/000150158524000007/hii-20231231.htm,0b3d953af66e8986f467784154cf686e260e45e7a548fc9f7d2ee216d54c771b,FINANCIAL_STATEMENT
10-K,2023Q4,2024-02-01,2023-12-31,0001501585-24-000007,debt_current_usd,231000000.0,True,LongTermDebtAndCapitalLeaseObligationsCurrent,c-5,HII_CONSOLIDATED_ALIAS_REPORT_DATE_CONTEXT,https://www.sec.gov/Archives/edgar/data/1501585/000150158524000007/hii-20231231.htm,0b3d953af66e8986f467784154cf686e260e45e7a548fc9f7d2ee216d54c771b,FINANCIAL_STATEMENT
10-K,2023Q4,2024-02-01,2023-12-31,0001501585-24-000007,debt_noncurrent_usd,2214000000.0,True,LongTermDebtNoncurrent,c-5,HII_CONSOLIDATED_ALIAS_REPORT_DATE_CONTEXT,https://www.sec.gov/Archives/edgar/data/1501585/000150158524000007/hii-20231231.htm,0b3d953af66e8986f467784154cf686e260e45e7a548fc9f7d2ee216d54c771b,FINANCIAL_STATEMENT
10-K,2023Q4,2024-02-01,2023-12-31,0001501585-24-000007,contract_liabilities_usd,1063000000.0,True,ContractWithCustomerLiabilityCurrent,c-5,HII_CONSOLIDATED_ALIAS_REPORT_DATE_CONTEXT,https://www.sec.gov/Archives/edgar/data/1501585/000150158524000007/hii-20231231.htm,0b3d953af66e8986f467784154cf686e260e45e7a548fc9f7d2ee216d54c771b,NOTE
10-K,2023Q4,2024-02-01,2023-12-31,0001501585-24-000007,fas_cas_pension_adjustment_usd,,False,,,HII_CONSOLIDATED_ALIAS_REPORT_DATE_CONTEXT,https://www.sec.gov/Archives/edgar/data/1501585/000150158524000007/hii-20231231.htm,0b3d953af66e8986f467784154cf686e260e45e7a548fc9f7d2ee216d54c771b,NOTE
10-K,2023Q4,2024-02-01,2023-12-31,0001501585-24-000007,program_gains_losses_usd,,False,,,HII_CONSOLIDATED_ALIAS_REPORT_DATE_CONTEXT,https://www.sec.gov/Archives/edgar/data/1501585/000150158524000007/hii-20231231.htm,0b3d953af66e8986f467784154cf686e260e45e7a548fc9f7d2ee216d54c771b,NOTE
10-Q,2024Q1,2024-05-02,2024-03-31,0001501585-24-000013,receivables_usd,718000000.0,True,AccountsReceivableNetCurrent,c-8,HII_CONSOLIDATED_ALIAS_REPORT_DATE_CONTEXT,https://www.sec.gov/Archives/edgar/data/1501585/000150158524000013/hii-20240331.htm,4fa47c55238b6f0d1cbaaa8e5eda90085126d50b324357ebebba460643ff2d3c,FINANCIAL_STATEMENT
10-Q,2024Q1,2024-05-02,2024-03-31,0001501585-24-000013,intangibles_ex_goodwill_usd,864000000.0,True,FiniteLivedIntangibleAssetsNet,c-8,HII_CONSOLIDATED_ALIAS_REPORT_DATE_CONTEXT,https://www.sec.gov/Archives/edgar/data/1501585/000150158524000013/hii-20240331.htm,4fa47c55238b6f0d1cbaaa8e5eda90085126d50b324357ebebba460643ff2d3c,FINANCIAL_STATEMENT
10-Q,2024Q1,2024-05-02,2024-03-31,0001501585-24-000013,debt_current_usd,,False,,,HII_CONSOLIDATED_ALIAS_REPORT_DATE_CONTEXT,https://www.sec.gov/Archives/edgar/data/1501585/000150158524000013/hii-20240331.htm,4fa47c55238b6f0d1cbaaa8e5eda90085126d50b324357ebebba460643ff2d3c,FINANCIAL_STATEMENT
10-Q,2024Q1,2024-05-02,2024-03-31,0001501585-24-000013,debt_noncurrent_usd,2235000000.0,True,LongTermDebtNoncurrent,c-8,HII_CONSOLIDATED_ALIAS_REPORT_DATE_CONTEXT,https://www.sec.gov/Archives/edgar/data/1501585/000150158524000013/hii-20240331.htm,4fa47c55238b6f0d1cbaaa8e5eda90085126d50b324357ebebba460643ff2d3c,FINANCIAL_STATEMENT
10-Q,2024Q1,2024-05-02,2024-03-31,0001501585-24-000013,contract_liabilities_usd,936000000.0,True,ContractWithCustomerLiabilityCurrent,c-8,HII_CONSOLIDATED_ALIAS_REPORT_DATE_CONTEXT,https://www.sec.gov/Archives/edgar/data/1501585/000150158524000013/hii-20240331.htm,4fa47c55238b6f0d1cbaaa8e5eda90085126d50b324357ebebba460643ff2d3c,NOTE
10-Q,2024Q1,2024-05-02,2024-03-31,0001501585-24-000013,fas_cas_pension_adjustment_usd,,False,,,HII_CONSOLIDATED_ALIAS_REPORT_DATE_CONTEXT,https://www.sec.gov/Archives/edgar/data/1501585/000150158524000013/hii-20240331.htm,4fa47c55238b6f0d1cbaaa8e5eda90085126d50b324357ebebba460643ff2d3c,NOTE
10-Q,2024Q1,2024-05-02,2024-03-31,0001501585-24-000013,program_gains_losses_usd,,False,,,HII_CONSOLIDATED_ALIAS_REPORT_DATE_CONTEXT,https://www.sec.gov/Archives/edgar/data/1501585/000150158524000013/hii-20240331.htm,4fa47c55238b6f0d1cbaaa8e5eda90085126d50b324357ebebba460643ff2d3c,NOTE
10-Q,2024Q2,2024-08-01,2024-06-30,0001501585-24-000036,receivables_usd,706000000.0,True,AccountsReceivableNetCurrent,c-14,HII_CONSOLIDATED_ALIAS_REPORT_DATE_CONTEXT,https://www.sec.gov/Archives/edgar/data/1501585/000150158524000036/hii-20240630.htm,be9966ba3f35be49eab21b4c8839977cef91e77537bd2cea51bbc6544200634d,FINANCIAL_STATEMENT
10-Q,2024Q2,2024-08-01,2024-06-30,0001501585-24-000036,intangibles_ex_goodwill_usd,837000000.0,True,FiniteLivedIntangibleAssetsNet,c-14,HII_CONSOLIDATED_ALIAS_REPORT_DATE_CONTEXT,https://www.sec.gov/Archives/edgar/data/1501585/000150158524000036/hii-20240630.htm,be9966ba3f35be49eab21b4c8839977cef91e77537bd2cea51bbc6544200634d,FINANCIAL_STATEMENT
10-Q,2024Q2,2024-08-01,2024-06-30,0001501585-24-000036,debt_current_usd,,False,,,HII_CONSOLIDATED_ALIAS_REPORT_DATE_CONTEXT,https://www.sec.gov/Archives/edgar/data/1501585/000150158524000036/hii-20240630.htm,be9966ba3f35be49eab21b4c8839977cef91e77537bd2cea51bbc6544200634d,FINANCIAL_STATEMENT
10-Q,2024Q2,2024-08-01,2024-06-30,0001501585-24-000036,debt_noncurrent_usd,1715000000.0,True,LongTermDebtNoncurrent,c-14,HII_CONSOLIDATED_ALIAS_REPORT_DATE_CONTEXT,https://www.sec.gov/Archives/edgar/data/1501585/000150158524000036/hii-20240630.htm,be9966ba3f35be49eab21b4c8839977cef91e77537bd2cea51bbc6544200634d,FINANCIAL_STATEMENT
10-Q,2024Q2,2024-08-01,2024-06-30,0001501585-24-000036,contract_liabilities_usd,886000000.0,True,ContractWithCustomerLiabilityCurrent,c-14,HII_CONSOLIDATED_ALIAS_REPORT_DATE_CONTEXT,https://www.sec.gov/Archives/edgar/data/1501585/000150158524000036/hii-20240630.htm,be9966ba3f35be49eab21b4c8839977cef91e77537bd2cea51bbc6544200634d,NOTE
10-Q,2024Q2,2024-08-01,2024-06-30,0001501585-24-000036,fas_cas_pension_adjustment_usd,,False,,,HII_CONSOLIDATED_ALIAS_REPORT_DATE_CONTEXT,https://www.sec.gov/Archives/edgar/data/1501585/000150158524000036/hii-20240630.htm,be9966ba3f35be49eab21b4c8839977cef91e77537bd2cea51bbc6544200634d,NOTE
10-Q,2024Q2,2024-08-01,2024-06-30,0001501585-24-000036,program_gains_losses_usd,,False,,,HII_CONSOLIDATED_ALIAS_REPORT_DATE_CONTEXT,https://www.sec.gov/Archives/edgar/data/1501585/000150158524000036/hii-20240630.htm,be9966ba3f35be49eab21b4c8839977cef91e77537bd2cea51bbc6544200634d,NOTE
10-Q,2024Q3,2024-10-31,2024-09-30,0001501585-24-000042,receivables_usd,436000000.0,True,AccountsReceivableNetCurrent,c-14,HII_CONSOLIDATED_ALIAS_REPORT_DATE_CONTEXT,https://www.sec.gov/Archives/edgar/data/1501585/000150158524000042/hii-20240930.htm,a97548189124c42ee0911ff7c7ced36c6a4efc1e1ea10025c2afdcd823b729e1,FINANCIAL_STATEMENT
10-Q,2024Q3,2024-10-31,2024-09-30,0001501585-24-000042,intangibles_ex_goodwill_usd,809000000.0,True,FiniteLivedIntangibleAssetsNet,c-14,HII_CONSOLIDATED_ALIAS_REPORT_DATE_CONTEXT,https://www.sec.gov/Archives/edgar/data/1501585/000150158524000042/hii-20240930.htm,a97548189124c42ee0911ff7c7ced36c6a4efc1e1ea10025c2afdcd823b729e1,FINANCIAL_STATEMENT
10-Q,2024Q3,2024-10-31,2024-09-30,0001501585-24-000042,debt_current_usd,,False,,,HII_CONSOLIDATED_ALIAS_REPORT_DATE_CONTEXT,https://www.sec.gov/Archives/edgar/data/1501585/000150158524000042/hii-20240930.htm,a97548189124c42ee0911ff7c7ced36c6a4efc1e1ea10025c2afdcd823b729e1,FINANCIAL_STATEMENT
10-Q,2024Q3,2024-10-31,2024-09-30,0001501585-24-000042,debt_noncurrent_usd,1709000000.0,True,LongTermDebtNoncurrent,c-14,HII_CONSOLIDATED_ALIAS_REPORT_DATE_CONTEXT,https://www.sec.gov/Archives/edgar/data/1501585/000150158524000042/hii-20240930.htm,a97548189124c42ee0911ff7c7ced36c6a4efc1e1ea10025c2afdcd823b729e1,FINANCIAL_STATEMENT
10-Q,2024Q3,2024-10-31,2024-09-30,0001501585-24-000042,contract_liabilities_usd,743000000.0,True,ContractWithCustomerLiabilityCurrent,c-14,HII_CONSOLIDATED_ALIAS_REPORT_DATE_CONTEXT,https://www.sec.gov/Archives/edgar/data/1501585/000150158524000042/hii-20240930.htm,a97548189124c42ee0911ff7c7ced36c6a4efc1e1ea10025c2afdcd823b729e1,NOTE
10-Q,2024Q3,2024-10-31,2024-09-30,0001501585-24-000042,fas_cas_pension_adjustment_usd,,False,,,HII_CONSOLIDATED_ALIAS_REPORT_DATE_CONTEXT,https://www.sec.gov/Archives/edgar/data/1501585/000150158524000042/hii-20240930.htm,a97548189124c42ee0911ff7c7ced36c6a4efc1e1ea10025c2afdcd823b729e1,NOTE
10-Q,2024Q3,2024-10-31,2024-09-30,0001501585-24-000042,program_gains_losses_usd,,False,,,HII_CONSOLIDATED_ALIAS_REPORT_DATE_CONTEXT,https://www.sec.gov/Archives/edgar/data/1501585/000150158524000042/hii-20240930.htm,a97548189124c42ee0911ff7c7ced36c6a4efc1e1ea10025c2afdcd823b729e1,NOTE
10-K,2024Q4,2025-02-06,2024-12-31,0001501585-25-000006,receivables_usd,212000000.0,True,AccountsReceivableNetCurrent,c-5,HII_CONSOLIDATED_ALIAS_REPORT_DATE_CONTEXT,https://www.sec.gov/Archives/edgar/data/1501585/000150158525000006/hii-20241231.htm,db9afdddcf4eac67785bb07386819b59aa3c2a28addf94448fad93d2a661c5c3,FINANCIAL_STATEMENT
10-K,2024Q4,2025-02-06,2024-12-31,0001501585-25-000006,intangibles_ex_goodwill_usd,782000000.0,True,FiniteLivedIntangibleAssetsNet,c-5,HII_CONSOLIDATED_ALIAS_REPORT_DATE_CONTEXT,https://www.sec.gov/Archives/edgar/data/1501585/000150158525000006/hii-20241231.htm,db9afdddcf4eac67785bb07386819b59aa3c2a28addf94448fad93d2a661c5c3,FINANCIAL_STATEMENT
10-K,2024Q4,2025-02-06,2024-12-31,0001501585-25-000006,debt_current_usd,503000000.0,True,LongTermDebtAndCapitalLeaseObligationsCurrent,c-5,HII_CONSOLIDATED_ALIAS_REPORT_DATE_CONTEXT,https://www.sec.gov/Archives/edgar/data/1501585/000150158525000006/hii-20241231.htm,db9afdddcf4eac67785bb07386819b59aa3c2a28addf94448fad93d2a661c5c3,FINANCIAL_STATEMENT
10-K,2024Q4,2025-02-06,2024-12-31,0001501585-25-000006,debt_noncurrent_usd,,False,,,HII_CONSOLIDATED_ALIAS_REPORT_DATE_CONTEXT,https://www.sec.gov/Archives/edgar/data/1501585/000150158525000006/hii-20241231.htm,db9afdddcf4eac67785bb07386819b59aa3c2a28addf94448fad93d2a661c5c3,FINANCIAL_STATEMENT
10-K,2024Q4,2025-02-06,2024-12-31,0001501585-25-000006,contract_liabilities_usd,774000000.0,True,ContractWithCustomerLiabilityCurrent,c-5,HII_CONSOLIDATED_ALIAS_REPORT_DATE_CONTEXT,https://www.sec.gov/Archives/edgar/data/1501585/000150158525000006/hii-20241231.htm,db9afdddcf4eac67785bb07386819b59aa3c2a28addf94448fad93d2a661c5c3,NOTE
10-K,2024Q4,2025-02-06,2024-12-31,0001501585-25-000006,fas_cas_pension_adjustment_usd,,False,,,HII_CONSOLIDATED_ALIAS_REPORT_DATE_CONTEXT,https://www.sec.gov/Archives/edgar/data/1501585/000150158525000006/hii-20241231.htm,db9afdddcf4eac67785bb07386819b59aa3c2a28addf94448fad93d2a661c5c3,NOTE
10-K,2024Q4,2025-02-06,2024-12-31,0001501585-25-000006,program_gains_losses_usd,,False,,,HII_CONSOLIDATED_ALIAS_REPORT_DATE_CONTEXT,https://www.sec.gov/Archives/edgar/data/1501585/000150158525000006/hii-20241231.htm,db9afdddcf4eac67785bb07386819b59aa3c2a28addf94448fad93d2a661c5c3,NOTE
10-Q,2025Q1,2025-05-01,2025-03-31,0001501585-25-000037,receivables_usd,387000000.0,True,AccountsReceivableNetCurrent,c-8,HII_CONSOLIDATED_ALIAS_REPORT_DATE_CONTEXT,https://www.sec.gov/Archives/edgar/data/1501585/000150158525000037/hii-20250331.htm,b1efdc3fd2c325117b31607fef86e968de29049cfdf95f6d8adb9e108cc70786,FINANCIAL_STATEMENT
10-Q,2025Q1,2025-05-01,2025-03-31,0001501585-25-000037,intangibles_ex_goodwill_usd,757000000.0,True,FiniteLivedIntangibleAssetsNet,c-8,HII_CONSOLIDATED_ALIAS_REPORT_DATE_CONTEXT,https://www.sec.gov/Archives/edgar/data/1501585/000150158525000037/hii-20250331.htm,b1efdc3fd2c325117b31607fef86e968de29049cfdf95f6d8adb9e108cc70786,FINANCIAL_STATEMENT
10-Q,2025Q1,2025-05-01,2025-03-31,0001501585-25-000037,debt_current_usd,,False,,,HII_CONSOLIDATED_ALIAS_REPORT_DATE_CONTEXT,https://www.sec.gov/Archives/edgar/data/1501585/000150158525000037/hii-20250331.htm,b1efdc3fd2c325117b31607fef86e968de29049cfdf95f6d8adb9e108cc70786,FINANCIAL_STATEMENT
10-Q,2025Q1,2025-05-01,2025-03-31,0001501585-25-000037,debt_noncurrent_usd,2699000000.0,True,LongTermDebtNoncurrent,c-8,HII_CONSOLIDATED_ALIAS_REPORT_DATE_CONTEXT,https://www.sec.gov/Archives/edgar/data/1501585/000150158525000037/hii-20250331.htm,b1efdc3fd2c325117b31607fef86e968de29049cfdf95f6d8adb9e108cc70786,FINANCIAL_STATEMENT
10-Q,2025Q1,2025-05-01,2025-03-31,0001501585-25-000037,contract_liabilities_usd,647000000.0,True,ContractWithCustomerLiabilityCurrent,c-8,HII_CONSOLIDATED_ALIAS_REPORT_DATE_CONTEXT,https://www.sec.gov/Archives/edgar/data/1501585/000150158525000037/hii-20250331.htm,b1efdc3fd2c325117b31607fef86e968de29049cfdf95f6d8adb9e108cc70786,NOTE
10-Q,2025Q1,2025-05-01,2025-03-31,0001501585-25-000037,fas_cas_pension_adjustment_usd,,False,,,HII_CONSOLIDATED_ALIAS_REPORT_DATE_CONTEXT,https://www.sec.gov/Archives/edgar/data/1501585/000150158525000037/hii-20250331.htm,b1efdc3fd2c325117b31607fef86e968de29049cfdf95f6d8adb9e108cc70786,NOTE
10-Q,2025Q1,2025-05-01,2025-03-31,0001501585-25-000037,program_gains_losses_usd,,False,,,HII_CONSOLIDATED_ALIAS_REPORT_DATE_CONTEXT,https://www.sec.gov/Archives/edgar/data/1501585/000150158525000037/hii-20250331.htm,b1efdc3fd2c325117b31607fef86e968de29049cfdf95f6d8adb9e108cc70786,NOTE
10-Q,2025Q2,2025-07-31,2025-06-30,0001501585-25-000099,receivables_usd,377000000.0,True,AccountsReceivableNetCurrent,c-14,HII_CONSOLIDATED_ALIAS_REPORT_DATE_CONTEXT,https://www.sec.gov/Archives/edgar/data/1501585/000150158525000099/hii-20250630.htm,9f28d3329cea57d5f484b236d530e6e9b5b8e9e3968dc050213ac298aa952b84,FINANCIAL_STATEMENT
10-Q,2025Q2,2025-07-31,2025-06-30,0001501585-25-000099,intangibles_ex_goodwill_usd,746000000.0,True,FiniteLivedIntangibleAssetsNet,c-14,HII_CONSOLIDATED_ALIAS_REPORT_DATE_CONTEXT,https://www.sec.gov/Archives/edgar/data/1501585/000150158525000099/hii-20250630.htm,9f28d3329cea57d5f484b236d530e6e9b5b8e9e3968dc050213ac298aa952b84,FINANCIAL_STATEMENT
10-Q,2025Q2,2025-07-31,2025-06-30,0001501585-25-000099,debt_current_usd,,False,,,HII_CONSOLIDATED_ALIAS_REPORT_DATE_CONTEXT,https://www.sec.gov/Archives/edgar/data/1501585/000150158525000099/hii-20250630.htm,9f28d3329cea57d5f484b236d530e6e9b5b8e9e3968dc050213ac298aa952b84,FINANCIAL_STATEMENT
10-Q,2025Q2,2025-07-31,2025-06-30,0001501585-25-000099,debt_noncurrent_usd,2700000000.0,True,LongTermDebtNoncurrent,c-14,HII_CONSOLIDATED_ALIAS_REPORT_DATE_CONTEXT,https://www.sec.gov/Archives/edgar/data/1501585/000150158525000099/hii-20250630.htm,9f28d3329cea57d5f484b236d530e6e9b5b8e9e3968dc050213ac298aa952b84,FINANCIAL_STATEMENT
10-Q,2025Q2,2025-07-31,2025-06-30,0001501585-25-000099,contract_liabilities_usd,969000000.0,True,ContractWithCustomerLiabilityCurrent,c-14,HII_CONSOLIDATED_ALIAS_REPORT_DATE_CONTEXT,https://www.sec.gov/Archives/edgar/data/1501585/000150158525000099/hii-20250630.htm,9f28d3329cea57d5f484b236d530e6e9b5b8e9e3968dc050213ac298aa952b84,NOTE
10-Q,2025Q2,2025-07-31,2025-06-30,0001501585-25-000099,fas_cas_pension_adjustment_usd,,False,,,HII_CONSOLIDATED_ALIAS_REPORT_DATE_CONTEXT,https://www.sec.gov/Archives/edgar/data/1501585/000150158525000099/hii-20250630.htm,9f28d3329cea57d5f484b236d530e6e9b5b8e9e3968dc050213ac298aa952b84,NOTE
10-Q,2025Q2,2025-07-31,2025-06-30,0001501585-25-000099,program_gains_losses_usd,,False,,,HII_CONSOLIDATED_ALIAS_REPORT_DATE_CONTEXT,https://www.sec.gov/Archives/edgar/data/1501585/000150158525000099/hii-20250630.htm,9f28d3329cea57d5f484b236d530e6e9b5b8e9e3968dc050213ac298aa952b84,NOTE
10-Q,2025Q3,2025-10-30,2025-09-30,0001501585-25-000112,receivables_usd,374000000.0,True,AccountsReceivableNetCurrent,c-14,HII_CONSOLIDATED_ALIAS_REPORT_DATE_CONTEXT,https://www.sec.gov/Archives/edgar/data/1501585/000150158525000112/hii-20250930.htm,85ab8d8d07fd834c3e7182d97d540b714b3f719ad7d2bdbe371d9cacdbfb35e5,FINANCIAL_STATEMENT
10-Q,2025Q3,2025-10-30,2025-09-30,0001501585-25-000112,intangibles_ex_goodwill_usd,720000000.0,True,FiniteLivedIntangibleAssetsNet,c-14,HII_CONSOLIDATED_ALIAS_REPORT_DATE_CONTEXT,https://www.sec.gov/Archives/edgar/data/1501585/000150158525000112/hii-20250930.htm,85ab8d8d07fd834c3e7182d97d540b714b3f719ad7d2bdbe371d9cacdbfb35e5,FINANCIAL_STATEMENT
10-Q,2025Q3,2025-10-30,2025-09-30,0001501585-25-000112,debt_current_usd,,False,,,HII_CONSOLIDATED_ALIAS_REPORT_DATE_CONTEXT,https://www.sec.gov/Archives/edgar/data/1501585/000150158525000112/hii-20250930.htm,85ab8d8d07fd834c3e7182d97d540b714b3f719ad7d2bdbe371d9cacdbfb35e5,FINANCIAL_STATEMENT
10-Q,2025Q3,2025-10-30,2025-09-30,0001501585-25-000112,debt_noncurrent_usd,2698000000.0,True,LongTermDebtNoncurrent,c-14,HII_CONSOLIDATED_ALIAS_REPORT_DATE_CONTEXT,https://www.sec.gov/Archives/edgar/data/1501585/000150158525000112/hii-20250930.htm,85ab8d8d07fd834c3e7182d97d540b714b3f719ad7d2bdbe371d9cacdbfb35e5,FINANCIAL_STATEMENT
10-Q,2025Q3,2025-10-30,2025-09-30,0001501585-25-000112,contract_liabilities_usd,893000000.0,True,ContractWithCustomerLiabilityCurrent,c-14,HII_CONSOLIDATED_ALIAS_REPORT_DATE_CONTEXT,https://www.sec.gov/Archives/edgar/data/1501585/000150158525000112/hii-20250930.htm,85ab8d8d07fd834c3e7182d97d540b714b3f719ad7d2bdbe371d9cacdbfb35e5,NOTE
10-Q,2025Q3,2025-10-30,2025-09-30,0001501585-25-000112,fas_cas_pension_adjustment_usd,,False,,,HII_CONSOLIDATED_ALIAS_REPORT_DATE_CONTEXT,https://www.sec.gov/Archives/edgar/data/1501585/000150158525000112/hii-20250930.htm,85ab8d8d07fd834c3e7182d97d540b714b3f719ad7d2bdbe371d9cacdbfb35e5,NOTE
10-Q,2025Q3,2025-10-30,2025-09-30,0001501585-25-000112,program_gains_losses_usd,,False,,,HII_CONSOLIDATED_ALIAS_REPORT_DATE_CONTEXT,https://www.sec.gov/Archives/edgar/data/1501585/000150158525000112/hii-20250930.htm,85ab8d8d07fd834c3e7182d97d540b714b3f719ad7d2bdbe371d9cacdbfb35e5,NOTE
10-K,2025Q4,2026-02-05,2025-12-31,0001501585-26-000006,receivables_usd,339000000.0,True,AccountsReceivableNetCurrent,c-4,HII_CONSOLIDATED_ALIAS_REPORT_DATE_CONTEXT,https://www.sec.gov/Archives/edgar/data/1501585/000150158526000006/hii-20251231.htm,e9c2363b3b156a5e2e0ceb49d9548f25fbf60ef9da574ac270867e9ead3b3a82,FINANCIAL_STATEMENT
10-K,2025Q4,2026-02-05,2025-12-31,0001501585-26-000006,intangibles_ex_goodwill_usd,694000000.0,True,FiniteLivedIntangibleAssetsNet,c-4,HII_CONSOLIDATED_ALIAS_REPORT_DATE_CONTEXT,https://www.sec.gov/Archives/edgar/data/1501585/000150158526000006/hii-20251231.htm,e9c2363b3b156a5e2e0ceb49d9548f25fbf60ef9da574ac270867e9ead3b3a82,FINANCIAL_STATEMENT
10-K,2025Q4,2026-02-05,2025-12-31,0001501585-26-000006,debt_current_usd,,False,,,HII_CONSOLIDATED_ALIAS_REPORT_DATE_CONTEXT,https://www.sec.gov/Archives/edgar/data/1501585/000150158526000006/hii-20251231.htm,e9c2363b3b156a5e2e0ceb49d9548f25fbf60ef9da574ac270867e9ead3b3a82,FINANCIAL_STATEMENT
10-K,2025Q4,2026-02-05,2025-12-31,0001501585-26-000006,debt_noncurrent_usd,,False,,,HII_CONSOLIDATED_ALIAS_REPORT_DATE_CONTEXT,https://www.sec.gov/Archives/edgar/data/1501585/000150158526000006/hii-20251231.htm,e9c2363b3b156a5e2e0ceb49d9548f25fbf60ef9da574ac270867e9ead3b3a82,FINANCIAL_STATEMENT
10-K,2025Q4,2026-02-05,2025-12-31,0001501585-26-000006,contract_liabilities_usd,1220000000.0,True,ContractWithCustomerLiabilityCurrent,c-4,HII_CONSOLIDATED_ALIAS_REPORT_DATE_CONTEXT,https://www.sec.gov/Archives/edgar/data/1501585/000150158526000006/hii-20251231.htm,e9c2363b3b156a5e2e0ceb49d9548f25fbf60ef9da574ac270867e9ead3b3a82,NOTE
10-K,2025Q4,2026-02-05,2025-12-31,0001501585-26-000006,fas_cas_pension_adjustment_usd,,False,,,HII_CONSOLIDATED_ALIAS_REPORT_DATE_CONTEXT,https://www.sec.gov/Archives/edgar/data/1501585/000150158526000006/hii-20251231.htm,e9c2363b3b156a5e2e0ceb49d9548f25fbf60ef9da574ac270867e9ead3b3a82,NOTE
10-K,2025Q4,2026-02-05,2025-12-31,0001501585-26-000006,program_gains_losses_usd,,False,,,HII_CONSOLIDATED_ALIAS_REPORT_DATE_CONTEXT,https://www.sec.gov/Archives/edgar/data/1501585/000150158526000006/hii-20251231.htm,e9c2363b3b156a5e2e0ceb49d9548f25fbf60ef9da574ac270867e9ead3b3a82,NOTE
10-Q,2026Q1,2026-05-05,2026-03-31,0001501585-26-000029,receivables_usd,406000000.0,True,AccountsReceivableNetCurrent,c-8,HII_CONSOLIDATED_ALIAS_REPORT_DATE_CONTEXT,https://www.sec.gov/Archives/edgar/data/1501585/000150158526000029/hii-20260331.htm,517eb40c506fdafa020e4e4f8f7b4c2524632345fbe735b0b85c3c2d4653b85a,FINANCIAL_STATEMENT
10-Q,2026Q1,2026-05-05,2026-03-31,0001501585-26-000029,intangibles_ex_goodwill_usd,673000000.0,True,FiniteLivedIntangibleAssetsNet,c-8,HII_CONSOLIDATED_ALIAS_REPORT_DATE_CONTEXT,https://www.sec.gov/Archives/edgar/data/1501585/000150158526000029/hii-20260331.htm,517eb40c506fdafa020e4e4f8f7b4c2524632345fbe735b0b85c3c2d4653b85a,FINANCIAL_STATEMENT
10-Q,2026Q1,2026-05-05,2026-03-31,0001501585-26-000029,debt_current_usd,,False,,,HII_CONSOLIDATED_ALIAS_REPORT_DATE_CONTEXT,https://www.sec.gov/Archives/edgar/data/1501585/000150158526000029/hii-20260331.htm,517eb40c506fdafa020e4e4f8f7b4c2524632345fbe735b0b85c3c2d4653b85a,FINANCIAL_STATEMENT
10-Q,2026Q1,2026-05-05,2026-03-31,0001501585-26-000029,debt_noncurrent_usd,2701000000.0,True,LongTermDebtNoncurrent,c-8,HII_CONSOLIDATED_ALIAS_REPORT_DATE_CONTEXT,https://www.sec.gov/Archives/edgar/data/1501585/000150158526000029/hii-20260331.htm,517eb40c506fdafa020e4e4f8f7b4c2524632345fbe735b0b85c3c2d4653b85a,FINANCIAL_STATEMENT
10-Q,2026Q1,2026-05-05,2026-03-31,0001501585-26-000029,contract_liabilities_usd,822000000.0,True,ContractWithCustomerLiabilityCurrent,c-8,HII_CONSOLIDATED_ALIAS_REPORT_DATE_CONTEXT,https://www.sec.gov/Archives/edgar/data/1501585/000150158526000029/hii-20260331.htm,517eb40c506fdafa020e4e4f8f7b4c2524632345fbe735b0b85c3c2d4653b85a,NOTE
10-Q,2026Q1,2026-05-05,2026-03-31,0001501585-26-000029,fas_cas_pension_adjustment_usd,,False,,,HII_CONSOLIDATED_ALIAS_REPORT_DATE_CONTEXT,https://www.sec.gov/Archives/edgar/data/1501585/000150158526000029/hii-20260331.htm,517eb40c506fdafa020e4e4f8f7b4c2524632345fbe735b0b85c3c2d4653b85a,NOTE
10-Q,2026Q1,2026-05-05,2026-03-31,0001501585-26-000029,program_gains_losses_usd,,False,,,HII_CONSOLIDATED_ALIAS_REPORT_DATE_CONTEXT,https://www.sec.gov/Archives/edgar/data/1501585/000150158526000029/hii-20260331.htm,517eb40c506fdafa020e4e4f8f7b4c2524632345fbe735b0b85c3c2d4653b85a,NOTE
10-Q,2026Q2,2026-07-30,2026-06-30,0001501585-26-000047,receivables_usd,452000000.0,True,AccountsReceivableNetCurrent,c-14,HII_CONSOLIDATED_ALIAS_REPORT_DATE_CONTEXT,https://www.sec.gov/Archives/edgar/data/1501585/000150158526000047/hii-20260630.htm,cc018dfd509fe4bc6db1fdd5fc2bd89cfb56c4f601faf2bd09e4fdfaa7400191,FINANCIAL_STATEMENT
10-Q,2026Q2,2026-07-30,2026-06-30,0001501585-26-000047,intangibles_ex_goodwill_usd,651000000.0,True,FiniteLivedIntangibleAssetsNet,c-14,HII_CONSOLIDATED_ALIAS_REPORT_DATE_CONTEXT,https://www.sec.gov/Archives/edgar/data/1501585/000150158526000047/hii-20260630.htm,cc018dfd509fe4bc6db1fdd5fc2bd89cfb56c4f601faf2bd09e4fdfaa7400191,FINANCIAL_STATEMENT
10-Q,2026Q2,2026-07-30,2026-06-30,0001501585-26-000047,debt_current_usd,,False,,,HII_CONSOLIDATED_ALIAS_REPORT_DATE_CONTEXT,https://www.sec.gov/Archives/edgar/data/1501585/000150158526000047/hii-20260630.htm,cc018dfd509fe4bc6db1fdd5fc2bd89cfb56c4f601faf2bd09e4fdfaa7400191,FINANCIAL_STATEMENT
10-Q,2026Q2,2026-07-30,2026-06-30,0001501585-26-000047,debt_noncurrent_usd,2702000000.0,True,LongTermDebtNoncurrent,c-14,HII_CONSOLIDATED_ALIAS_REPORT_DATE_CONTEXT,https://www.sec.gov/Archives/edgar/data/1501585/000150158526000047/hii-20260630.htm,cc018dfd509fe4bc6db1fdd5fc2bd89cfb56c4f601faf2bd09e4fdfaa7400191,FINANCIAL_STATEMENT
10-Q,2026Q2,2026-07-30,2026-06-30,0001501585-26-000047,contract_liabilities_usd,690000000.0,True,ContractWithCustomerLiabilityCurrent,c-14,HII_CONSOLIDATED_ALIAS_REPORT_DATE_CONTEXT,https://www.sec.gov/Archives/edgar/data/1501585/000150158526000047/hii-20260630.htm,cc018dfd509fe4bc6db1fdd5fc2bd89cfb56c4f601faf2bd09e4fdfaa7400191,NOTE
10-Q,2026Q2,2026-07-30,2026-06-30,0001501585-26-000047,fas_cas_pension_adjustment_usd,,False,,,HII_CONSOLIDATED_ALIAS_REPORT_DATE_CONTEXT,https://www.sec.gov/Archives/edgar/data/1501585/000150158526000047/hii-20260630.htm,cc018dfd509fe4bc6db1fdd5fc2bd89cfb56c4f601faf2bd09e4fdfaa7400191,NOTE
10-Q,2026Q2,2026-07-30,2026-06-30,0001501585-26-000047,program_gains_losses_usd,,False,,,HII_CONSOLIDATED_ALIAS_REPORT_DATE_CONTEXT,https://www.sec.gov/Archives/edgar/data/1501585/000150158526000047/hii-20260630.htm,cc018dfd509fe4bc6db1fdd5fc2bd89cfb56c4f601faf2bd09e4fdfaa7400191,NOTE
